0;0;0;53.6328;10.0065;53.6328;10.0065
0;121;125;53.6328;10.0065;53.6324;10.0065
0;125;149;53.6324;10.0065;53.6306;10.0067
0;149;154;53.6306;10.0067;53.6302;10.0069
0;154;155;53.6302;10.0069;53.6302;10.007
0;155;156;53.6302;10.007;53.6301;10.0072
0;156;158;53.6301;10.0072;53.63;10.0074
0;158;174;53.63;10.0074;53.6292;10.0084
0;174;182;53.6292;10.0084;53.6287;10.0083
0;182;199;53.6287;10.0083;53.6276;10.0082
0;199;200;53.6276;10.0082;53.6275;10.0082
0;200;203;53.6275;10.0082;53.6273;10.0082
0;203;228;53.6273;10.0082;53.6255;10.0089
0;228;233;53.6255;10.0089;53.6251;10.0092
0;233;237;53.6251;10.0092;53.6246;10.0096
0;237;241;53.6246;10.0096;53.6241;10.01
0;241;243;53.6241;10.01;53.6238;10.0104
0;243;244;53.6238;10.0104;53.6239;10.0106
0;244;248;53.6239;10.0106;53.6236;10.0113
0;248;249;53.6236;10.0113;53.6236;10.0114
0;249;250;53.6236;10.0114;53.6236;10.0116
0;250;251;53.6236;10.0116;53.6239;10.0116
0;251;254;53.6239;10.0116;53.6243;10.0118
0;254;271;53.6243;10.0118;53.6264;10.0126
0;271;275;53.6264;10.0126;53.627;10.0128
0;275;277;53.627;10.0128;53.6273;10.013
0;277;278;53.6273;10.013;53.6274;10.013
0;278;280;53.6274;10.013;53.6277;10.0132
0;280;291;53.6277;10.0132;53.6291;10.0138
0;291;300;53.6291;10.0138;53.6303;10.0142
0;300;301;53.6303;10.0142;53.6305;10.0143
0;301;302;53.6305;10.0143;53.6306;10.0144
0;302;304;53.6306;10.0144;53.631;10.0146
0;304;307;53.631;10.0146;53.6315;10.0148
0;307;308;53.6315;10.0148;53.6315;10.0148
0;308;319;53.6315;10.0148;53.6329;10.0154
0;329;339;53.6329;10.0154;53.6342;10.016
0;339;340;53.6342;10.016;53.6344;10.016
0;340;341;53.6344;10.016;53.6346;10.0161
0;341;342;53.6346;10.0161;53.6345;10.0164
0;342;343;53.6345;10.0164;53.6345;10.0167
0;343;344;53.6345;10.0167;53.6344;10.0171
0;344;345;53.6344;10.0171;53.6344;10.0171
0;345;355;53.6344;10.0171;53.6333;10.0188
0;355;362;53.6333;10.0188;53.6324;10.0195
0;362;364;53.6324;10.0195;53.6322;10.0196
0;364;373;53.6322;10.0196;53.6312;10.0207
0;373;374;53.6312;10.0207;53.631;10.0209
0;374;386;53.631;10.0209;53.6298;10.0224
0;386;391;53.6298;10.0224;53.6292;10.0231
0;391;398;53.6292;10.0231;53.6285;10.024
0;398;399;53.6285;10.024;53.6284;10.0242
0;399;400;53.6284;10.0242;53.6283;10.0243
0;400;401;53.6283;10.0243;53.6281;10.0245
0;401;402;53.6281;10.0245;53.628;10.0246
0;402;404;53.628;10.0246;53.6278;10.0249
0;404;405;53.6278;10.0249;53.6277;10.0249
0;405;407;53.6277;10.0249;53.6273;10.0249
0;407;411;53.6273;10.0249;53.6268;10.0253
0;411;412;53.6268;10.0253;53.6268;10.0254
0;412;415;53.6268;10.0254;53.6264;10.0254
0;415;417;53.6264;10.0254;53.6262;10.0257
0;417;418;53.6262;10.0257;53.6262;10.0261
0;418;420;53.6262;10.0261;53.6262;10.0266
0;420;421;53.6262;10.0266;53.6262;10.0267
0;421;427;53.6262;10.0267;53.626;10.028
0;427;429;53.626;10.028;53.626;10.0286
0;429;431;53.626;10.0286;53.6261;10.0291
0;431;435;53.6261;10.0291;53.626;10.0302
0;445;446;53.626;10.0302;53.626;10.0303
0;446;450;53.626;10.0303;53.6258;10.0311
0;450;451;53.6258;10.0311;53.6257;10.0314
0;451;456;53.6257;10.0314;53.6251;10.0321
0;456;460;53.6251;10.0321;53.6245;10.0322
0;460;461;53.6245;10.0322;53.6245;10.0322
0;461;465;53.6245;10.0322;53.6239;10.0323
0;465;467;53.6239;10.0323;53.6236;10.032
0;467;468;53.6236;10.032;53.6234;10.0318
0;468;471;53.6234;10.0318;53.623;10.0315
0;471;475;53.623;10.0315;53.6225;10.0313
0;475;483;53.6225;10.0313;53.6226;10.0294
0;483;484;53.6226;10.0294;53.6226;10.0291
0;484;485;53.6226;10.0291;53.6227;10.0287
0;485;487;53.6227;10.0287;53.6227;10.0281
0;487;488;53.6227;10.0281;53.6227;10.0279
0;488;490;53.6227;10.0279;53.6227;10.0273
0;490;495;53.6227;10.0273;53.6228;10.0261
0;495;498;53.6228;10.0261;53.6224;10.026
0;498;501;53.6224;10.026;53.622;10.026
0;501;508;53.622;10.026;53.6211;10.0254
0;508;510;53.6211;10.0254;53.6208;10.025
0;510;512;53.6208;10.025;53.6206;10.0247
0;512;514;53.6206;10.0247;53.6204;10.0244
0;514;517;53.6204;10.0244;53.6201;10.024
0;517;519;53.6201;10.024;53.6198;10.0236
0;519;521;53.6198;10.0236;53.6196;10.0233
0;521;526;53.6196;10.0233;53.6191;10.0224
0;526;527;53.6191;10.0224;53.6189;10.0221
0;527;533;53.6189;10.0221;53.6185;10.0209
0;533;541;53.6185;10.0209;53.6181;10.0194
0;541;552;53.6181;10.0194;53.6175;10.0172
0;552;557;53.6175;10.0172;53.6173;10.0161
0;557;558;53.6173;10.0161;53.6172;10.0157
0;558;559;53.6172;10.0157;53.6171;10.0156
0;559;565;53.6171;10.0156;53.6167;10.0143
0;565;572;53.6167;10.0143;53.6162;10.0127
0;572;573;53.6162;10.0127;53.6161;10.0124
0;573;585;53.6161;10.0124;53.6153;10.0101
0;585;587;53.6153;10.0101;53.6151;10.0096
0;587;588;53.6151;10.0096;53.6151;10.0093
0;588;590;53.6151;10.0093;53.6149;10.0089
0;590;594;53.6149;10.0089;53.6147;10.0081
0;594;598;53.6147;10.0081;53.6146;10.007
0;598;599;53.6146;10.007;53.6146;10.0067
0;599;603;53.6146;10.0067;53.6144;10.0057
0;603;605;53.6144;10.0057;53.6143;10.0053
0;605;609;53.6143;10.0053;53.6141;10.0044
0;609;622;53.6141;10.0044;53.6135;10.0013
0;622;624;53.6135;10.0013;53.6137;10.0007
0;624;626;53.6137;10.0007;53.6136;10.0004
0;626;629;53.6136;10.0004;53.6132;9.99971
0;639;640;53.6132;9.99971;53.613;9.99966
0;640;643;53.613;9.99966;53.6125;9.9999
0;643;648;53.6125;9.9999;53.612;10.0006
0;648;649;53.612;10.0006;53.6118;10.0008
0;649;652;53.6118;10.0008;53.6115;10.0013
0;652;653;53.6115;10.0013;53.6114;10.0015
0;653;658;53.6114;10.0015;53.6109;10.0022
0;658;663;53.6109;10.0022;53.6104;10.003
0;663;665;53.6104;10.003;53.6102;10.0033
0;665;666;53.6102;10.0033;53.6099;10.0034
0;666;673;53.6099;10.0034;53.609;10.0037
0;673;677;53.609;10.0037;53.6086;10.0041
0;677;688;53.6086;10.0041;53.6073;10.0051
0;688;689;53.6073;10.0051;53.6072;10.005
0;689;690;53.6072;10.005;53.6072;10.0051
0;690;694;53.6072;10.0051;53.6066;10.0055
0;694;696;53.6066;10.0055;53.6063;10.0057
0;696;705;53.6063;10.0057;53.6052;10.0067
0;705;707;53.6052;10.0067;53.6049;10.0069
0;707;716;53.6049;10.0069;53.6038;10.0077
0;716;718;53.6038;10.0077;53.6035;10.008
0;718;721;53.6035;10.008;53.6032;10.0084
0;721;728;53.6032;10.0084;53.6024;10.0093
0;728;755;53.6024;10.0093;53.601;10.0117
0;755;764;53.601;10.0117;53.6005;10.0126
0;764;765;53.6005;10.0126;53.6004;10.0129
0;765;767;53.6004;10.0129;53.6003;10.0134
0;767;769;53.6003;10.0134;53.6;10.0135
0;769;770;53.6;10.0135;53.5998;10.0136
0;770;786;53.5998;10.0136;53.6002;10.017
0;786;787;53.6002;10.017;53.6003;10.0173
0;787;788;53.6003;10.0173;53.6003;10.0176
0;788;816;53.6003;10.0176;53.6003;10.0235
0;816;823;53.6003;10.0235;53.6002;10.0251
0;823;840;53.6002;10.0251;53.6001;10.0288
0;840;843;53.6001;10.0288;53.6002;10.0295
0;843;844;53.6002;10.0295;53.6002;10.0296
0;844;847;53.6002;10.0296;53.6003;10.0302
0;847;851;53.6003;10.0302;53.6005;10.0312
0;851;856;53.6005;10.0312;53.6007;10.0322
0;856;863;53.6007;10.0322;53.601;10.0338
0;863;867;53.601;10.0338;53.6011;10.0346
0;867;872;53.6011;10.0346;53.601;10.0357
0;872;887;53.601;10.0357;53.603;10.0353
0;887;889;53.603;10.0353;53.6033;10.0352
0;889;890;53.6033;10.0352;53.6035;10.0351
0;890;892;53.6035;10.0351;53.6039;10.035
0;892;894;53.6039;10.035;53.6039;10.0353
0;894;899;53.6039;10.0353;53.6039;10.036
0;909;914;53.6039;10.036;53.6039;10.0353
0;914;916;53.6039;10.0353;53.6039;10.035
0;916;918;53.6039;10.035;53.6035;10.0351
0;918;919;53.6035;10.0351;53.6033;10.0352
0;919;921;53.6033;10.0352;53.603;10.0353
0;921;936;53.603;10.0353;53.601;10.0357
0;936;945;53.601;10.0357;53.6004;10.0375
0;945;949;53.6004;10.0375;53.6001;10.0382
0;949;950;53.6001;10.0382;53.6;10.0385
0;950;953;53.6;10.0385;53.5997;10.0392
0;953;977;53.5997;10.0392;53.5978;10.0433
0;977;982;53.5978;10.0433;53.5973;10.0442
0;982;984;53.5973;10.0442;53.5971;10.0446
0;984;985;53.5971;10.0446;53.5971;10.0447
0;985;986;53.5971;10.0447;53.5969;10.045
0;986;996;53.5969;10.045;53.596;10.0466
0;996;1001;53.596;10.0466;53.5955;10.0474
0;1001;1014;53.5955;10.0474;53.5944;10.0496
0;1014;1015;53.5944;10.0496;53.5942;10.0498
0;1015;1016;53.5942;10.0498;53.5942;10.05
0;1016;1017;53.5942;10.05;53.594;10.05
0;1017;1018;53.594;10.05;53.5939;10.05
0;1018;1020;53.5939;10.05;53.5936;10.05
0;1020;1022;53.5936;10.05;53.5933;10.05
0;1022;1024;53.5933;10.05;53.5931;10.05
0;1024;1032;53.5931;10.05;53.592;10.05
0;1032;1034;53.592;10.05;53.5917;10.0499
0;1034;1037;53.5917;10.0499;53.5912;10.0497
0;1037;1041;53.5912;10.0497;53.5907;10.0497
0;1041;1046;53.5907;10.0497;53.59;10.0499
0;1046;1047;53.59;10.0499;53.5898;10.0499
0;1047;1049;53.5898;10.0499;53.5895;10.05
0;1049;1051;53.5895;10.05;53.5893;10.05
0;1051;1053;53.5893;10.05;53.5889;10.05
0;1053;1061;53.5889;10.05;53.5878;10.0496
0;1061;1067;53.5878;10.0496;53.5882;10.0484
0;1067;1071;53.5882;10.0484;53.5879;10.0483
0;1071;1079;53.5879;10.0483;53.5873;10.0479
0;1089;1099;53.5873;10.0479;53.5871;10.0491
0;1099;1102;53.5871;10.0491;53.5866;10.0489
0;1102;1104;53.5866;10.0489;53.5863;10.0487
0;1104;1106;53.5863;10.0487;53.586;10.0485
0;1106;1107;53.586;10.0485;53.5859;10.0484
0;1107;1108;53.5859;10.0484;53.5857;10.0483
0;1108;1109;53.5857;10.0483;53.5856;10.0483
0;1109;1110;53.5856;10.0483;53.5854;10.0482
0;1110;1111;53.5854;10.0482;53.5854;10.0482
0;1111;1112;53.5854;10.0482;53.5853;10.0483
0;1112;1114;53.5853;10.0483;53.585;10.0485
0;1114;1118;53.585;10.0485;53.5846;10.0478
0;1118;1119;53.5846;10.0478;53.5845;10.0477
0;1119;1121;53.5845;10.0477;53.5843;10.0474
0;1121;1122;53.5843;10.0474;53.5842;10.0472
0;1122;1124;53.5842;10.0472;53.5839;10.047
0;1124;1125;53.5839;10.047;53.5838;10.047
0;1125;1126;53.5838;10.047;53.5838;10.047
0;1126;1128;53.5838;10.047;53.5835;10.0468
0;1128;1131;53.5835;10.0468;53.5831;10.0464
0;1131;1141;53.5831;10.0464;53.5823;10.0447
0;1141;1143;53.5823;10.0447;53.5823;10.0443
0;1143;1145;53.5823;10.0443;53.5822;10.0438
0;1145;1149;53.5822;10.0438;53.5818;10.0431
0;1149;1154;53.5818;10.0431;53.5811;10.0425
0;1154;1157;53.5811;10.0425;53.5808;10.0421
0;1157;1159;53.5808;10.0421;53.5805;10.0417
0;1159;1160;53.5805;10.0417;53.5804;10.0415
0;1160;1163;53.5804;10.0415;53.5801;10.0408
0;1163;1164;53.5801;10.0408;53.5801;10.0407
0;1164;1165;53.5801;10.0407;53.58;10.0406
0;1165;1166;53.58;10.0406;53.5799;10.0403
0;1166;1172;53.5799;10.0403;53.5792;10.0396
0;1172;1177;53.5792;10.0396;53.5785;10.0392
0;1177;1178;53.5785;10.0392;53.5784;10.039
0;1178;1180;53.5784;10.039;53.5781;10.0389
0;1180;1196;53.5781;10.0389;53.5763;10.0374
0;1196;1202;53.5763;10.0374;53.5757;10.0365
0;1202;1203;53.5757;10.0365;53.5756;10.0362
0;1203;1208;53.5756;10.0362;53.5751;10.0355
0;1208;1209;53.5751;10.0355;53.5749;10.0355
0;1209;1210;53.5749;10.0355;53.5748;10.0357
0;1210;1214;53.5748;10.0357;53.5746;10.0364
0;1214;1215;53.5746;10.0364;53.5745;10.0365
0;1215;1217;53.5745;10.0365;53.5742;10.0369
0;1217;1221;53.5742;10.0369;53.5738;10.0374
0;1221;1230;53.5738;10.0374;53.5727;10.0383
0;1230;1235;53.5727;10.0383;53.5721;10.0388
0;1245;1250;53.5721;10.0388;53.5727;10.0383
0;1250;1259;53.5727;10.0383;53.5738;10.0374
0;1259;1263;53.5738;10.0374;53.5742;10.0369
0;1263;1265;53.5742;10.0369;53.5745;10.0365
0;1265;1266;53.5745;10.0365;53.5746;10.0364
0;1266;1271;53.5746;10.0364;53.575;10.0356
0;1271;1272;53.575;10.0356;53.5751;10.0355
0;1272;1273;53.5751;10.0355;53.5751;10.0354
0;1273;1274;53.5751;10.0354;53.5752;10.0353
0;1274;1275;53.5752;10.0353;53.5753;10.0351
0;1275;1287;53.5753;10.0351;53.5766;10.0337
0;1287;1304;53.5766;10.0337;53.5787;10.0324
0;1304;1309;53.5787;10.0324;53.5795;10.0323
0;1309;1310;53.5795;10.0323;53.5797;10.0322
0;1310;1311;53.5797;10.0322;53.5799;10.0322
0;1311;1316;53.5799;10.0322;53.5805;10.0323
0;1316;1318;53.5805;10.0323;53.5808;10.0323
0;1318;1324;53.5808;10.0323;53.5817;10.0326
0;1324;1334;53.5817;10.0326;53.5819;10.0313
0;1334;1346;53.5819;10.0313;53.581;10.0311
0;1356;1368;53.581;10.0311;53.5819;10.0313
0;1368;1378;53.5819;10.0313;53.5817;10.0326
0;1378;1381;53.5817;10.0326;53.5821;10.0329
0;1381;1385;53.5821;10.0329;53.5827;10.0333
0;1385;1391;53.5827;10.0333;53.5835;10.0336
0;1391;1399;53.5835;10.0336;53.5845;10.0338
0;1399;1400;53.5845;10.0338;53.5846;10.0338
0;1400;1402;53.5846;10.0338;53.5849;10.0338
0;1402;1406;53.5849;10.0338;53.5855;10.0337
0;1406;1407;53.5855;10.0337;53.5857;10.0337
0;1407;1408;53.5857;10.0337;53.5858;10.0337
0;1408;1412;53.5858;10.0337;53.5863;10.0336
0;1412;1413;53.5863;10.0336;53.5864;10.0336
0;1413;1416;53.5864;10.0336;53.5868;10.0336
0;1416;1419;53.5868;10.0336;53.5872;10.0335
0;1419;1422;53.5872;10.0335;53.5876;10.0335
0;1422;1423;53.5876;10.0335;53.5878;10.0334
0;1423;1424;53.5878;10.0334;53.588;10.0334
0;1424;1429;53.588;10.0334;53.5887;10.0333
0;1429;1445;53.5887;10.0333;53.5908;10.0329
0;1445;1452;53.5908;10.0329;53.5917;10.0327
0;1452;1458;53.5917;10.0327;53.5926;10.0325
0;1458;1461;53.5926;10.0325;53.593;10.0324
0;1461;1462;53.593;10.0324;53.5931;10.0323
0;1462;1485;53.5931;10.0323;53.596;10.0316
0;1485;1487;53.596;10.0316;53.5962;10.0316
0;1487;1503;53.5962;10.0316;53.5983;10.0315
0;1503;1517;53.5983;10.0315;53.6;10.0302
0;1517;1520;53.6;10.0302;53.6002;10.0296
0;1520;1521;53.6002;10.0296;53.6003;10.0295
0;1521;1523;53.6003;10.0295;53.6003;10.029
0;1523;1531;53.6003;10.029;53.6003;10.0272
0;1531;1538;53.6003;10.0272;53.6004;10.0257
0;1538;1540;53.6004;10.0257;53.6006;10.0254
0;1540;1544;53.6006;10.0254;53.6011;10.0253
0;1544;1548;53.6011;10.0253;53.6017;10.0253
0;1548;1549;53.6017;10.0253;53.6018;10.0253
0;1549;1562;53.6018;10.0253;53.6035;10.0253
0;1562;1567;53.6035;10.0253;53.6042;10.0253
0;1567;1568;53.6042;10.0253;53.6043;10.0253
0;1568;1572;53.6043;10.0253;53.6048;10.0253
0;1572;1575;53.6048;10.0253;53.6052;10.0253
0;1575;1577;53.6052;10.0253;53.6055;10.0255
0;1577;1581;53.6055;10.0255;53.6057;10.0263
0;1581;1585;53.6057;10.0263;53.606;10.0271
0;1585;1586;53.606;10.0271;53.6061;10.0272
0;1586;1587;53.6061;10.0272;53.6062;10.0272
0;1587;1588;53.6062;10.0272;53.6063;10.0272
0;1588;1594;53.6063;10.0272;53.6071;10.0266
0;1594;1609;53.6071;10.0266;53.6088;10.0254
0;1609;1614;53.6088;10.0254;53.6095;10.0249
0;1614;1616;53.6095;10.0249;53.6097;10.0247
0;1616;1631;53.6097;10.0247;53.6114;10.023
0;1631;1642;53.6114;10.023;53.6126;10.0217
0;1642;1646;53.6126;10.0217;53.613;10.0212
0;1646;1652;53.613;10.0212;53.6136;10.0205
0;1652;1655;53.6136;10.0205;53.6139;10.02
0;1655;1656;53.6139;10.02;53.614;10.0199
0;1656;1665;53.614;10.0199;53.6149;10.0186
0;1665;1666;53.6149;10.0186;53.6151;10.0183
0;1666;1669;53.6151;10.0183;53.6154;10.0179
0;1669;1672;53.6154;10.0179;53.6157;10.0175
0;1672;1683;53.6157;10.0175;53.6169;10.016
0;1683;1685;53.6169;10.016;53.6172;10.0157
0;1685;1695;53.6172;10.0157;53.6183;10.0149
0;1695;1700;53.6183;10.0149;53.6189;10.0144
0;1700;1703;53.6189;10.0144;53.6193;10.0141
0;1703;1712;53.6193;10.0141;53.6204;10.0134
0;1712;1730;53.6204;10.0134;53.6227;10.0124
0;1730;1731;53.6227;10.0124;53.6228;10.0123
0;1731;1736;53.6228;10.0123;53.6233;10.0115
0;1736;1737;53.6233;10.0115;53.6235;10.0115
0;1737;1738;53.6235;10.0115;53.6236;10.0116
0;1738;1739;53.6236;10.0116;53.6239;10.0116
0;1739;1742;53.6239;10.0116;53.6243;10.0118
0;1742;1744;53.6243;10.0118;53.624;10.0115
0;1744;1746;53.624;10.0115;53.6239;10.011
0;1746;1748;53.6239;10.011;53.6241;10.0107
0;1748;1752;53.6241;10.0107;53.6246;10.0103
0;1752;1753;53.6246;10.0103;53.6248;10.0104
0;1753;1754;53.6248;10.0104;53.625;10.0103
0;1764;1765;53.625;10.0103;53.6249;10.0101
0;1765;1766;53.6249;10.0101;53.6251;10.01
0;1766;1769;53.6251;10.01;53.6255;10.0098
0;1769;1773;53.6255;10.0098;53.6261;10.0096
0;1773;1775;53.6261;10.0096;53.6264;10.0095
0;1775;1778;53.6264;10.0095;53.6267;10.0092
0;1778;1791;53.6267;10.0092;53.6276;10.0089
0;1791;1792;53.6276;10.0089;53.6276;10.0089
0;1792;1797;53.6276;10.0089;53.6276;10.0083
0;1797;1798;53.6276;10.0083;53.6276;10.0082
0;1798;1799;53.6276;10.0082;53.6275;10.0082
0;1799;1802;53.6275;10.0082;53.6273;10.0082
1;0;0;53.5914;9.9621;53.5914;9.9621
1;0;17;53.5914;9.9621;53.5925;9.96101
1;17;31;53.5925;9.96101;53.5935;9.96014
1;31;34;53.5935;9.96014;53.5937;9.95998
1;34;37;53.5937;9.95998;53.594;9.95982
1;37;47;53.594;9.95982;53.5947;9.95942
1;47;53;53.5947;9.95942;53.5951;9.9592
1;53;64;53.5951;9.9592;53.596;9.95884
1;64;72;53.596;9.95884;53.5966;9.95871
1;72;77;53.5966;9.95871;53.597;9.95865
1;77;89;53.597;9.95865;53.5972;9.96018
1;89;91;53.5972;9.96018;53.5972;9.96051
1;91;95;53.5972;9.96051;53.5973;9.96104
1;95;107;53.5973;9.96104;53.5974;9.96259
1;117;129;53.5974;9.96259;53.5973;9.96104
1;129;133;53.5973;9.96104;53.5972;9.96051
1;133;135;53.5972;9.96051;53.5972;9.96018
1;135;147;53.5972;9.96018;53.597;9.95865
1;147;151;53.597;9.95865;53.5973;9.95858
1;151;163;53.5973;9.95858;53.5982;9.95845
1;163;164;53.5982;9.95845;53.5983;9.95844
1;164;166;53.5983;9.95844;53.5985;9.95844
1;166;169;53.5985;9.95844;53.5987;9.95849
1;169;174;53.5987;9.95849;53.5992;9.95864
1;174;177;53.5992;9.95864;53.5992;9.95942
1;177;180;53.5992;9.95942;53.5993;9.96015
1;180;181;53.5993;9.96015;53.5994;9.96051
1;181;183;53.5994;9.96051;53.5994;9.96093
1;183;185;53.5994;9.96093;53.5995;9.96137
1;185;188;53.5995;9.96137;53.5996;9.96214
1;188;190;53.5996;9.96214;53.5997;9.96273
1;190;193;53.5997;9.96273;53.5998;9.96353
1;193;194;53.5998;9.96353;53.5998;9.9639
1;194;195;53.5998;9.9639;53.5997;9.96417
1;195;199;53.5997;9.96417;53.5995;9.96494
1;199;201;53.5995;9.96494;53.5994;9.96533
1;201;205;53.5994;9.96533;53.5993;9.96633
1;205;206;53.5993;9.96633;53.5993;9.96645
1;206;207;53.5993;9.96645;53.5992;9.96664
1;207;211;53.5992;9.96664;53.5991;9.96762
1;211;212;53.5991;9.96762;53.5991;9.96789
1;212;218;53.5991;9.96789;53.5989;9.96916
1;218;222;53.5989;9.96916;53.5988;9.97007
1;222;225;53.5988;9.97007;53.5987;9.97069
1;225;227;53.5987;9.97069;53.5987;9.97131
1;227;228;53.5987;9.97131;53.5986;9.97165
1;228;230;53.5986;9.97165;53.5985;9.97212
1;230;233;53.5985;9.97212;53.5985;9.9728
1;233;235;53.5985;9.9728;53.5984;9.97327
1;235;236;53.5984;9.97327;53.5984;9.97342
1;236;238;53.5984;9.97342;53.5983;9.97403
1;238;240;53.5983;9.97403;53.5982;9.97462
1;240;241;53.5982;9.97462;53.5982;9.97464
1;241;242;53.5982;9.97464;53.5982;9.97502
1;242;245;53.5982;9.97502;53.5981;9.97582
1;245;248;53.5981;9.97582;53.598;9.97646
1;248;255;53.598;9.97646;53.5975;9.97639
1;265;272;53.5975;9.97639;53.598;9.97646
1;272;273;53.598;9.97646;53.598;9.97662
1;273;277;53.598;9.97662;53.5978;9.97752
1;277;280;53.5978;9.97752;53.5976;9.97827
1;280;281;53.5976;9.97827;53.5976;9.97846
1;281;294;53.5976;9.97846;53.5967;9.98082
1;294;299;53.5967;9.98082;53.5964;9.98182
1;299;305;53.5964;9.98182;53.596;9.98305
1;305;306;53.596;9.98305;53.5959;9.98312
1;306;309;53.5959;9.98312;53.5957;9.98382
1;309;311;53.5957;9.98382;53.5953;9.98392
1;311;312;53.5953;9.98392;53.5952;9.98393
1;312;313;53.5952;9.98393;53.5951;9.98393
1;313;318;53.5951;9.98393;53.5944;9.98393
1;318;323;53.5944;9.98393;53.5938;9.98394
1;323;325;53.5938;9.98394;53.5935;9.98395
1;325;326;53.5935;9.98395;53.5932;9.98396
1;326;327;53.5932;9.98396;53.5931;9.98398
1;327;331;53.5931;9.98398;53.5925;9.98386
1;331;332;53.5925;9.98386;53.5923;9.98381
1;332;335;53.5923;9.98381;53.592;9.98371
1;335;337;53.592;9.98371;53.5917;9.98363
1;337;339;53.5917;9.98363;53.5914;9.98352
1;339;344;53.5914;9.98352;53.5907;9.98352
1;344;348;53.5907;9.98352;53.5902;9.98336
1;348;349;53.5902;9.98336;53.59;9.98326
1;349;353;53.59;9.98326;53.5895;9.98289
1;353;357;53.5895;9.98289;53.5888;9.9827
1;357;359;53.5888;9.9827;53.5886;9.98262
1;359;366;53.5886;9.98262;53.5877;9.98236
1;366;370;53.5877;9.98236;53.5872;9.98221
1;370;380;53.5872;9.98221;53.5858;9.98188
1;380;381;53.5858;9.98188;53.5858;9.98181
1;381;382;53.5858;9.98181;53.5857;9.98178
1;382;384;53.5857;9.98178;53.5853;9.98171
1;384;385;53.5853;9.98171;53.5852;9.98167
1;385;388;53.5852;9.98167;53.5847;9.9819
1;388;389;53.5847;9.9819;53.5845;9.98219
1;389;394;53.5845;9.98219;53.5841;9.98313
1;394;398;53.5841;9.98313;53.5837;9.98394
1;398;400;53.5837;9.98394;53.5835;9.98437
1;400;401;53.5835;9.98437;53.5834;9.98466
1;401;403;53.5834;9.98466;53.5832;9.98507
1;403;413;53.5832;9.98507;53.5824;9.98703
1;413;415;53.5824;9.98703;53.5822;9.98756
1;415;416;53.5822;9.98756;53.5821;9.9877
1;416;417;53.5821;9.9877;53.5819;9.98795
1;417;419;53.5819;9.98795;53.5816;9.98789
1;419;420;53.5816;9.98789;53.5815;9.988
1;420;422;53.5815;9.988;53.5813;9.98852
1;422;423;53.5813;9.98852;53.5813;9.98855
1;423;424;53.5813;9.98855;53.5811;9.98865
1;424;436;53.5811;9.98865;53.5794;9.98882
1;436;441;53.5794;9.98882;53.5788;9.9889
1;441;450;53.5788;9.9889;53.5776;9.98894
1;450;465;53.5776;9.98894;53.5757;9.98882
1;465;476;53.5757;9.98882;53.5743;9.98871
1;476;488;53.5743;9.98871;53.5727;9.98866
1;488;491;53.5727;9.98866;53.5723;9.98864
1;491;495;53.5723;9.98864;53.5718;9.9886
1;495;499;53.5718;9.9886;53.5713;9.98858
1;499;500;53.5713;9.98858;53.571;9.98858
1;500;501;53.571;9.98858;53.5709;9.98857
1;501;505;53.5709;9.98857;53.5703;9.98851
1;505;516;53.5703;9.98851;53.5688;9.98844
1;516;523;53.5688;9.98844;53.568;9.9884
1;523;536;53.568;9.9884;53.5663;9.98877
1;536;556;53.5663;9.98877;53.5638;9.98946
1;556;561;53.5638;9.98946;53.5632;9.98964
1;561;564;53.5632;9.98964;53.5628;9.98975
1;564;570;53.5628;9.98975;53.562;9.98992
1;570;574;53.562;9.98992;53.5615;9.98985
1;574;575;53.5615;9.98985;53.5614;9.98985
1;575;576;53.5614;9.98985;53.5612;9.98986
1;576;581;53.5612;9.98986;53.5606;9.99051
1;581;582;53.5606;9.99051;53.5605;9.99057
1;582;583;53.5605;9.99057;53.5605;9.99061
1;583;584;53.5605;9.99061;53.5604;9.99066
1;584;585;53.5604;9.99066;53.5603;9.99074
1;585;591;53.5603;9.99074;53.5597;9.99147
1;591;593;53.5597;9.99147;53.5594;9.99179
1;593;596;53.5594;9.99179;53.5591;9.99237
1;596;598;53.5591;9.99237;53.559;9.99282
1;598;599;53.559;9.99282;53.5589;9.99296
1;599;602;53.5589;9.99296;53.5585;9.99347
1;602;603;53.5585;9.99347;53.5584;9.9936
1;603;604;53.5584;9.9936;53.5583;9.99353
1;604;605;53.5583;9.99353;53.5581;9.99344
1;605;608;53.5581;9.99344;53.5577;9.99345
1;608;609;53.5577;9.99345;53.5577;9.99351
1;609;610;53.5577;9.99351;53.5576;9.99357
1;610;611;53.5576;9.99357;53.5575;9.99382
1;611;615;53.5575;9.99382;53.5575;9.99486
1;615;616;53.5575;9.99486;53.5574;9.99498
1;616;619;53.5574;9.99498;53.5573;9.99562
1;619;625;53.5573;9.99562;53.557;9.99688
1;625;629;53.557;9.99688;53.5568;9.99771
1;629;635;53.5568;9.99771;53.5564;9.99896
1;635;638;53.5564;9.99896;53.5562;9.9995
1;638;639;53.5562;9.9995;53.5561;9.99976
1;639;641;53.5561;9.99976;53.5559;10.0001
1;641;643;53.5559;10.0001;53.5557;10.0005
1;643;644;53.5557;10.0005;53.5556;10.0006
1;644;645;53.5556;10.0006;53.5556;10.0008
1;645;647;53.5556;10.0008;53.5554;10.0011
1;647;648;53.5554;10.0011;53.5553;10.0013
1;648;649;53.5553;10.0013;53.5551;10.0016
1;649;650;53.5551;10.0016;53.555;10.0018
1;650;651;53.555;10.0018;53.5549;10.002
1;651;654;53.5549;10.002;53.5546;10.0026
1;664;667;53.5546;10.0026;53.5543;10.003
1;667;670;53.5543;10.003;53.554;10.0035
1;670;671;53.554;10.0035;53.5539;10.0037
1;671;682;53.5539;10.0037;53.5528;10.0053
1;682;685;53.5528;10.0053;53.5524;10.0056
1;685;689;53.5524;10.0056;53.5518;10.0057
1;689;690;53.5518;10.0057;53.5518;10.0057
1;690;691;53.5518;10.0057;53.5517;10.0058
1;691;695;53.5517;10.0058;53.5511;10.0059
1;695;697;53.5511;10.0059;53.5508;10.0061
1;697;698;53.5508;10.0061;53.5507;10.0061
1;698;701;53.5507;10.0061;53.5502;10.0061
1;701;704;53.5502;10.0061;53.5502;10.0054
1;704;705;53.5502;10.0054;53.5504;10.0052
1;705;706;53.5504;10.0052;53.5504;10.0052
1;706;707;53.5504;10.0052;53.5506;10.0051
1;707;708;53.5506;10.0051;53.5507;10.005
1;718;719;53.5507;10.005;53.5506;10.0051
1;719;722;53.5506;10.0051;53.5502;10.0051
1;722;723;53.5502;10.0051;53.5501;10.0051
1;723;724;53.5501;10.0051;53.5501;10.0052
1;724;728;53.5501;10.0052;53.5501;10.0061
1;728;729;53.5501;10.0061;53.5501;10.0062
1;729;730;53.5501;10.0062;53.5501;10.0065
1;730;731;53.5501;10.0065;53.5501;10.0066
1;731;732;53.5501;10.0066;53.5502;10.0066
1;732;733;53.5502;10.0066;53.5503;10.0065
1;733;741;53.5503;10.0065;53.5513;10.0061
1;741;744;53.5513;10.0061;53.5517;10.006
1;744;745;53.5517;10.006;53.5517;10.0061
1;745;746;53.5517;10.0061;53.5518;10.0064
1;746;749;53.5518;10.0064;53.5519;10.007
1;749;753;53.5519;10.007;53.552;10.0081
1;753;755;53.552;10.0081;53.552;10.0086
1;755;756;53.552;10.0086;53.552;10.0089
1;756;757;53.552;10.0089;53.5521;10.0092
1;757;760;53.5521;10.0092;53.5522;10.01
1;760;766;53.5522;10.01;53.5523;10.0113
1;766;767;53.5523;10.0113;53.5523;10.0115
1;767;768;53.5523;10.0115;53.5523;10.0118
1;768;773;53.5523;10.0118;53.5524;10.0128
1;773;774;53.5524;10.0128;53.5524;10.0131
1;774;775;53.5524;10.0131;53.5524;10.0133
1;775;776;53.5524;10.0133;53.5524;10.0135
1;776;777;53.5524;10.0135;53.5525;10.0135
1;777;778;53.5525;10.0135;53.5527;10.0134
1;778;780;53.5527;10.0134;53.553;10.0133
1;780;781;53.553;10.0133;53.5531;10.0133
1;781;784;53.5531;10.0133;53.5536;10.0133
1;784;787;53.5536;10.0133;53.554;10.0135
1;787;788;53.554;10.0135;53.5542;10.0138
1;788;789;53.5542;10.0138;53.5543;10.0139
1;789;790;53.5543;10.0139;53.5544;10.0142
1;790;796;53.5544;10.0142;53.5549;10.0153
1;796;797;53.5549;10.0153;53.555;10.0154
1;797;799;53.555;10.0154;53.5552;10.0159
1;799;801;53.5552;10.0159;53.5554;10.0164
1;801;802;53.5554;10.0164;53.5554;10.0165
1;802;803;53.5554;10.0165;53.5556;10.0167
1;803;805;53.5556;10.0167;53.5557;10.0171
1;805;810;53.5557;10.0171;53.5561;10.018
1;810;811;53.5561;10.018;53.5562;10.0181
1;811;818;53.5562;10.0181;53.5567;10.0193
1;818;819;53.5567;10.0193;53.5568;10.0196
1;819;820;53.5568;10.0196;53.5569;10.0198
1;820;821;53.5569;10.0198;53.557;10.0198
1;821;823;53.557;10.0198;53.5572;10.0203
1;823;824;53.5572;10.0203;53.5572;10.0205
1;824;826;53.5572;10.0205;53.5574;10.021
1;826;827;53.5574;10.021;53.5576;10.0211
1;827;828;53.5576;10.0211;53.5576;10.0212
1;828;832;53.5576;10.0212;53.5579;10.022
1;832;833;53.5579;10.022;53.558;10.0222
1;833;834;53.558;10.0222;53.5581;10.0225
1;834;837;53.5581;10.0225;53.5583;10.0232
1;837;839;53.5583;10.0232;53.5584;10.0238
1;839;848;53.5584;10.0238;53.5588;10.0255
1;848;849;53.5588;10.0255;53.5589;10.0259
1;849;850;53.5589;10.0259;53.559;10.0262
1;850;851;53.559;10.0262;53.559;10.0263
1;851;853;53.559;10.0263;53.5592;10.0268
1;853;854;53.5592;10.0268;53.5593;10.0268
1;854;865;53.5593;10.0268;53.5602;10.0289
1;865;873;53.5602;10.0289;53.5608;10.0303
1;873;881;53.5608;10.0303;53.5615;10.0318
1;881;884;53.5615;10.0318;53.5619;10.0322
1;884;886;53.5619;10.0322;53.5621;10.0324
1;886;892;53.5621;10.0324;53.5628;10.033
1;892;897;53.5628;10.033;53.5633;10.0335
1;897;898;53.5633;10.0335;53.5635;10.0337
1;898;904;53.5635;10.0337;53.5642;10.0345
1;904;908;53.5642;10.0345;53.5645;10.0352
1;908;918;53.5645;10.0352;53.5653;10.0369
1;918;919;53.5653;10.0369;53.5654;10.0372
1;919;927;53.5654;10.0372;53.5661;10.0387
1;927;928;53.5661;10.0387;53.5662;10.0389
1;928;929;53.5662;10.0389;53.5662;10.0389
1;929;930;53.5662;10.0389;53.5662;10.039
1;930;932;53.5662;10.039;53.5664;10.0395
1;932;933;53.5664;10.0395;53.5664;10.0396
1;933;936;53.5664;10.0396;53.5666;10.0401
1;936;937;53.5666;10.0401;53.5667;10.0404
1;937;938;53.5667;10.0404;53.5667;10.0408
1;938;943;53.5667;10.0408;53.5669;10.0419
1;943;946;53.5669;10.0419;53.567;10.0426
1;946;957;53.567;10.0426;53.5673;10.0449
1;967;971;53.5673;10.0449;53.5678;10.0446
1;971;973;53.5678;10.0446;53.568;10.0442
1;973;978;53.568;10.0442;53.5684;10.0433
1;978;984;53.5684;10.0433;53.5689;10.0443
1;984;985;53.5689;10.0443;53.569;10.0445
1;985;990;53.569;10.0445;53.5695;10.0453
1;990;997;53.5695;10.0453;53.5701;10.0466
1;997;1006;53.5701;10.0466;53.5708;10.0482
1;1006;1013;53.5708;10.0482;53.5713;10.0497
1;1013;1021;53.5713;10.0497;53.5718;10.0512
1;1021;1029;53.5718;10.0512;53.5722;10.0527
1;1029;1035;53.5722;10.0527;53.5726;10.0539
1;1035;1036;53.5726;10.0539;53.5727;10.0541
1;1036;1042;53.5727;10.0541;53.5732;10.0553
1;1042;1047;53.5732;10.0553;53.5736;10.0563
1;1047;1050;53.5736;10.0563;53.5738;10.057
1;1050;1053;53.5738;10.057;53.5739;10.0576
1;1053;1055;53.5739;10.0576;53.5741;10.058
1;1055;1060;53.5741;10.058;53.5743;10.0591
1;1060;1063;53.5743;10.0591;53.5747;10.059
1;1063;1064;53.5747;10.059;53.5748;10.0589
1;1064;1065;53.5748;10.0589;53.575;10.0588
1;1065;1068;53.575;10.0588;53.5755;10.0585
1;1068;1072;53.5755;10.0585;53.576;10.0588
1;1072;1073;53.576;10.0588;53.5761;10.0591
1;1073;1075;53.5761;10.0591;53.5763;10.0595
1;1075;1076;53.5763;10.0595;53.5764;10.0596
1;1076;1077;53.5764;10.0596;53.5765;10.0598
1;1077;1083;53.5765;10.0598;53.577;10.061
1;1083;1086;53.577;10.061;53.5767;10.0615
1;1086;1098;53.5767;10.0615;53.5768;10.063
1;1098;1104;53.5768;10.063;53.5768;10.0638
1;1104;1106;53.5768;10.0638;53.5768;10.0642
1;1106;1108;53.5768;10.0642;53.5768;10.0645
1;1108;1120;53.5768;10.0645;53.5769;10.066
1;1130;1136;53.5769;10.066;53.5769;10.0668
1;1136;1142;53.5769;10.0668;53.5769;10.0677
1;1142;1143;53.5769;10.0677;53.5771;10.0677
1;1143;1149;53.5771;10.0677;53.5772;10.0684
1;1149;1151;53.5772;10.0684;53.5773;10.0687
1;1151;1155;53.5773;10.0687;53.5774;10.0693
1;1155;1161;53.5774;10.0693;53.5775;10.0701
1;1161;1163;53.5775;10.0701;53.5779;10.07
1;1163;1164;53.5779;10.07;53.578;10.07
1;1164;1166;53.578;10.07;53.5784;10.0699
1;1166;1167;53.5784;10.0699;53.5784;10.0699
1;1167;1169;53.5784;10.0699;53.5787;10.0698
1;1169;1172;53.5787;10.0698;53.5792;10.0697
1;1172;1175;53.5792;10.0697;53.5795;10.0702
1;1175;1176;53.5795;10.0702;53.5795;10.0704
1;1176;1180;53.5795;10.0704;53.5795;10.0712
1;1180;1182;53.5795;10.0712;53.5795;10.0717
1;1182;1187;53.5795;10.0717;53.5801;10.0725
1;1187;1191;53.5801;10.0725;53.5806;10.0729
1;1191;1193;53.5806;10.0729;53.5809;10.0731
1;1193;1197;53.5809;10.0731;53.5814;10.0737
1;1197;1203;53.5814;10.0737;53.582;10.0745
1;1203;1204;53.582;10.0745;53.5822;10.0746
1;1204;1217;53.5822;10.0746;53.5836;10.076
1;1217;1221;53.5836;10.076;53.5842;10.0764
1;1221;1222;53.5842;10.0764;53.5843;10.0767
1;1222;1229;53.5843;10.0767;53.5847;10.0782
1;1229;1230;53.5847;10.0782;53.5847;10.0786
1;1230;1236;53.5847;10.0786;53.585;10.0798
1;1236;1237;53.585;10.0798;53.585;10.0798
1;1237;1240;53.585;10.0798;53.5852;10.0805
1;1240;1241;53.5852;10.0805;53.5852;10.0808
1;1241;1242;53.5852;10.0808;53.5853;10.0812
1;1242;1248;53.5853;10.0812;53.5856;10.0824
1;1248;1257;53.5856;10.0824;53.586;10.0844
1;1257;1262;53.586;10.0844;53.5862;10.0855
1;1262;1268;53.5862;10.0855;53.5865;10.0868
1;1268;1287;53.5865;10.0868;53.5872;10.0906
1;1287;1288;53.5872;10.0906;53.5873;10.0908
1;1288;1292;53.5873;10.0908;53.5874;10.0917
1;1292;1293;53.5874;10.0917;53.5875;10.092
1;1293;1294;53.5875;10.092;53.5875;10.0922
1;1294;1295;53.5875;10.0922;53.5876;10.0925
1;1295;1298;53.5876;10.0925;53.5878;10.0932
1;1298;1299;53.5878;10.0932;53.5878;10.0936
1;1299;1303;53.5878;10.0936;53.588;10.0945
1;1303;1305;53.588;10.0945;53.5881;10.095
1;1305;1307;53.5881;10.095;53.5882;10.0954
1;1307;1308;53.5882;10.0954;53.5883;10.0958
1;1308;1312;53.5883;10.0958;53.5885;10.0966
1;1312;1314;53.5885;10.0966;53.5886;10.0971
1;1314;1315;53.5886;10.0971;53.5886;10.0973
1;1315;1317;53.5886;10.0973;53.5887;10.0977
1;1317;1318;53.5887;10.0977;53.5887;10.0978
1;1318;1323;53.5887;10.0978;53.5889;10.0989
1;1323;1328;53.5889;10.0989;53.5892;10.1
1;1328;1329;53.5892;10.1;53.5892;10.1002
1;1329;1330;53.5892;10.1002;53.5893;10.1005
1;1330;1335;53.5893;10.1005;53.5895;10.1017
1;1335;1338;53.5895;10.1017;53.5897;10.1024
1;1338;1343;53.5897;10.1024;53.5899;10.1034
1;1343;1346;53.5899;10.1034;53.59;10.1041
1;1346;1347;53.59;10.1041;53.5901;10.1045
1;1347;1348;53.5901;10.1045;53.5901;10.1047
1;1348;1359;53.5901;10.1047;53.5908;10.1067
1;1359;1363;53.5908;10.1067;53.5912;10.1075
1;1363;1367;53.5912;10.1075;53.5916;10.1081
1;1367;1372;53.5916;10.1081;53.5922;10.1088
1;1372;1373;53.5922;10.1088;53.5923;10.1088
1;1373;1375;53.5923;10.1088;53.5926;10.109
1;1375;1377;53.5926;10.109;53.5928;10.1092
1;1377;1382;53.5928;10.1092;53.5934;10.1097
1;1382;1426;53.5934;10.1097;53.5986;10.1131
1;1426;1434;53.5986;10.1131;53.5996;10.1135
1;1434;1445;53.5996;10.1135;53.601;10.1142
1;1445;1462;53.601;10.1142;53.6029;10.1159
1;1462;1472;53.6029;10.1159;53.604;10.1173
1;1472;1483;53.604;10.1173;53.605;10.1188
1;1483;1484;53.605;10.1188;53.6051;10.1189
1;1484;1486;53.6051;10.1189;53.6054;10.1191
1;1486;1489;53.6054;10.1191;53.6058;10.1194
1;1489;1491;53.6058;10.1194;53.606;10.1197
1;1491;1492;53.606;10.1197;53.6062;10.1198
1;1492;1493;53.6062;10.1198;53.6064;10.1199
1;1493;1494;53.6064;10.1199;53.6065;10.12
1;1494;1496;53.6065;10.12;53.6068;10.1201
1;1496;1502;53.6068;10.1201;53.6075;10.1206
1;1502;1506;53.6075;10.1206;53.608;10.121
1;1506;1507;53.608;10.121;53.6082;10.1212
1;1507;1518;53.6082;10.1212;53.6095;10.1221
1;1518;1519;53.6095;10.1221;53.6096;10.1223
1;1519;1522;53.6096;10.1223;53.6101;10.1226
1;1522;1536;53.6101;10.1226;53.6117;10.1238
1;1536;1538;53.6117;10.1238;53.612;10.1239
1;1538;1547;53.612;10.1239;53.6131;10.124
1;1547;1555;53.6131;10.124;53.6142;10.1235
1;1555;1556;53.6142;10.1235;53.6143;10.1235
1;1556;1563;53.6143;10.1235;53.6153;10.1234
1;1563;1569;53.6153;10.1234;53.6161;10.1235
1;1569;1574;53.6161;10.1235;53.6168;10.1238
1;1574;1577;53.6168;10.1238;53.6172;10.124
1;1577;1586;53.6172;10.124;53.6184;10.1246
1;1586;1589;53.6184;10.1246;53.6187;10.1248
1;1589;1618;53.6187;10.1248;53.622;10.1277
1;1618;1635;53.622;10.1277;53.6232;10.1307
1;1635;1647;53.6232;10.1307;53.6243;10.1328
1;1647;1667;53.6243;10.1328;53.6257;10.1363
1;1667;1669;53.6257;10.1363;53.6258;10.1367
1;1669;1676;53.6258;10.1367;53.6263;10.138
1;1676;1678;53.6263;10.138;53.6266;10.1384
1;1678;1679;53.6266;10.1384;53.6267;10.1385
1;1679;1680;53.6267;10.1385;53.6268;10.1387
1;1680;1681;53.6268;10.1387;53.627;10.1388
1;1681;1682;53.627;10.1388;53.627;10.1389
1;1682;1683;53.627;10.1389;53.627;10.1389
1;1683;1684;53.627;10.1389;53.6272;10.1391
1;1684;1685;53.6272;10.1391;53.6273;10.1392
1;1685;1686;53.6273;10.1392;53.6274;10.1393
1;1686;1688;53.6274;10.1393;53.6276;10.1395
1;1688;1693;53.6276;10.1395;53.6282;10.1401
1;1693;1694;53.6282;10.1401;53.6282;10.1401
1;1694;1697;53.6282;10.1401;53.6287;10.1405
1;1697;1698;53.6287;10.1405;53.6288;10.1406
1;1698;1701;53.6288;10.1406;53.6292;10.1409
1;1701;1702;53.6292;10.1409;53.6293;10.1411
1;1702;1706;53.6293;10.1411;53.6298;10.1413
1;1706;1730;53.6298;10.1413;53.6325;10.1438
1;1730;1736;53.6325;10.1438;53.6331;10.1446
1;1736;1745;53.6331;10.1446;53.634;10.1461
1;1745;1746;53.634;10.1461;53.6341;10.1464
1;1746;1747;53.6341;10.1464;53.6343;10.1466
1;1747;1750;53.6343;10.1466;53.6346;10.1471
1;1750;1752;53.6346;10.1471;53.6348;10.1475
1;1752;1762;53.6348;10.1475;53.6357;10.149
1;1762;1765;53.6357;10.149;53.636;10.1494
1;1765;1766;53.636;10.1494;53.6362;10.1496
1;1766;1767;53.6362;10.1496;53.6362;10.1497
1;1767;1768;53.6362;10.1497;53.6363;10.1499
1;1768;1769;53.6363;10.1499;53.6364;10.15
1;1769;1770;53.6364;10.15;53.6365;10.1502
1;1770;1771;53.6365;10.1502;53.6367;10.1505
1;1771;1772;53.6367;10.1505;53.6368;10.1506
1;1772;1773;53.6368;10.1506;53.6369;10.1508
1;1773;1776;53.6369;10.1508;53.6372;10.1513
1;1776;1778;53.6372;10.1513;53.6375;10.1517
1;1778;1780;53.6375;10.1517;53.6377;10.1521
1;1780;1781;53.6377;10.1521;53.6379;10.1523
1;1781;1782;53.6379;10.1523;53.6379;10.1524
1;1782;1787;53.6379;10.1524;53.6384;10.1531
1;1787;1788;53.6384;10.1531;53.6385;10.1532
1;1788;1793;53.6385;10.1532;53.639;10.1541
1;1793;1798;53.639;10.1541;53.6395;10.1548
1;1798;1801;53.6395;10.1548;53.6398;10.1553
2;0;0;53.5814;9.97951;53.5814;9.97951
2;0;1;53.5814;9.97951;53.5813;9.97938
2;1;11;53.5813;9.97938;53.5802;9.97794
2;11;16;53.5802;9.97794;53.5797;9.97728
2;16;17;53.5797;9.97728;53.5795;9.97703
2;17;18;53.5795;9.97703;53.5794;9.9768
2;18;19;53.5794;9.9768;53.5792;9.97654
2;19;21;53.5792;9.97654;53.5791;9.97614
2;21;23;53.5791;9.97614;53.579;9.97572
2;23;24;53.579;9.97572;53.579;9.97556
2;24;25;53.579;9.97556;53.5789;9.97541
2;25;26;53.5789;9.97541;53.5789;9.97529
2;26;27;53.5789;9.97529;53.5788;9.97538
2;27;29;53.5788;9.97538;53.5786;9.97566
2;29;30;53.5786;9.97566;53.5785;9.97572
2;30;32;53.5785;9.97572;53.5783;9.97606
2;32;33;53.5783;9.97606;53.5782;9.97619
2;33;34;53.5782;9.97619;53.5781;9.97632
2;34;36;53.5781;9.97632;53.578;9.97667
2;36;37;53.578;9.97667;53.5779;9.97679
2;37;38;53.5779;9.97679;53.5778;9.97699
2;38;41;53.5778;9.97699;53.5774;9.97744
2;41;42;53.5774;9.97744;53.5773;9.97754
2;42;51;53.5773;9.97754;53.5761;9.97778
2;51;54;53.5761;9.97778;53.5757;9.97762
2;54;62;53.5757;9.97762;53.5747;9.97732
2;62;65;53.5747;9.97732;53.5743;9.97734
2;65;72;53.5743;9.97734;53.5733;9.97777
2;72;73;53.5733;9.97777;53.5732;9.97788
2;73;78;53.5732;9.97788;53.5726;9.97817
2;78;80;53.5726;9.97817;53.5722;9.97831
2;80;85;53.5722;9.97831;53.5717;9.97769
2;85;87;53.5717;9.97769;53.5715;9.97744
2;87;89;53.5715;9.97744;53.5712;9.97722
2;89;91;53.5712;9.97722;53.5709;9.97683
2;91;95;53.5709;9.97683;53.5705;9.97624
2;95;98;53.5705;9.97624;53.5701;9.97577
2;98;103;53.5701;9.97577;53.5696;9.9749
2;103;108;53.5696;9.9749;53.5692;9.97404
2;108;114;53.5692;9.97404;53.5687;9.97302
2;114;119;53.5687;9.97302;53.5683;9.97216
2;119;125;53.5683;9.97216;53.5678;9.97112
2;125;126;53.5678;9.97112;53.5678;9.97085
2;126;127;53.5678;9.97085;53.5678;9.97074
2;127;130;53.5678;9.97074;53.5676;9.97016
2;130;131;53.5676;9.97016;53.5675;9.96994
2;131;132;53.5675;9.96994;53.5675;9.96977
2;132;133;53.5675;9.96977;53.5674;9.96949
2;133;134;53.5674;9.96949;53.5673;9.96939
2;134;135;53.5673;9.96939;53.5672;9.96916
2;135;136;53.5672;9.96916;53.5671;9.96889
2;136;139;53.5671;9.96889;53.5668;9.96839
2;139;152;53.5668;9.96839;53.5657;9.96625
2;152;155;53.5657;9.96625;53.5655;9.96576
2;155;157;53.5655;9.96576;53.5653;9.96536
2;157;158;53.5653;9.96536;53.5652;9.96524
2;158;159;53.5652;9.96524;53.5652;9.96519
2;159;161;53.5652;9.96519;53.565;9.96479
2;161;180;53.565;9.96479;53.5644;9.96262
2;180;181;53.5644;9.96262;53.5644;9.96232
2;181;182;53.5644;9.96232;53.5643;9.96222
2;182;188;53.5643;9.96222;53.564;9.96094
2;188;192;53.564;9.96094;53.5637;9.96014
2;192;197;53.5637;9.96014;53.5634;9.95924
2;197;198;53.5634;9.95924;53.5633;9.95914
2;198;202;53.5633;9.95914;53.563;9.95842
2;202;203;53.563;9.95842;53.5629;9.95827
2;203;206;53.5629;9.95827;53.5626;9.95769
2;206;211;53.5626;9.95769;53.5622;9.95684
2;211;213;53.5622;9.95684;53.562;9.95649
2;213;214;53.562;9.95649;53.5619;9.95622
2;214;221;53.5619;9.95622;53.5613;9.95502
2;231;232;53.5613;9.95502;53.5612;9.95517
2;232;237;53.5612;9.95517;53.5611;9.9558
2;237;242;53.5611;9.9558;53.561;9.95642
2;242;255;53.561;9.95642;53.5607;9.95804
2;255;258;53.5607;9.95804;53.5606;9.95843
2;258;263;53.5606;9.95843;53.5604;9.95903
2;263;269;53.5604;9.95903;53.5602;9.95969
2;269;270;53.5602;9.95969;53.5601;9.95984
2;270;273;53.5601;9.95984;53.56;9.96025
2;273;274;53.56;9.96025;53.5599;9.96044
2;274;275;53.5599;9.96044;53.5599;9.96047
2;275;277;53.5599;9.96047;53.5597;9.96066
2;277;282;53.5597;9.96066;53.5595;9.96125
2;282;284;53.5595;9.96125;53.5594;9.9615
2;284;285;53.5594;9.9615;53.5593;9.96157
2;285;286;53.5593;9.96157;53.5592;9.96174
2;286;289;53.5592;9.96174;53.5589;9.9623
2;289;290;53.5589;9.9623;53.5588;9.96239
2;290;291;53.5588;9.96239;53.5588;9.96256
2;291;292;53.5588;9.96256;53.5587;9.96271
2;292;293;53.5587;9.96271;53.5587;9.96289
2;293;296;53.5587;9.96289;53.5584;9.9634
2;296;298;53.5584;9.9634;53.5581;9.96382
2;298;305;53.5581;9.96382;53.5572;9.96403
2;305;306;53.5572;9.96403;53.5571;9.96414
2;306;307;53.5571;9.96414;53.557;9.96429
2;307;308;53.557;9.96429;53.557;9.96445
2;308;309;53.557;9.96445;53.557;9.96458
2;309;319;53.557;9.96458;53.5573;9.96675
2;319;321;53.5573;9.96675;53.5573;9.96724
2;321;324;53.5573;9.96724;53.5573;9.96802
2;324;325;53.5573;9.96802;53.5573;9.9682
2;325;327;53.5573;9.9682;53.5573;9.96874
2;327;328;53.5573;9.96874;53.5573;9.96901
2;328;329;53.5573;9.96901;53.5573;9.96934
2;329;330;53.5573;9.96934;53.5573;9.9694
2;330;331;53.5573;9.9694;53.5573;9.96951
2;331;337;53.5573;9.96951;53.5572;9.97078
2;337;338;53.5572;9.97078;53.5572;9.97112
2;338;341;53.5572;9.97112;53.5571;9.97193
2;341;343;53.5571;9.97193;53.557;9.97244
2;353;354;53.557;9.97244;53.557;9.97247
2;354;355;53.557;9.97247;53.557;9.97258
2;355;361;53.557;9.97258;53.5567;9.97386
2;361;364;53.5567;9.97386;53.5565;9.97455
2;364;367;53.5565;9.97455;53.5561;9.97484
2;367;369;53.5561;9.97484;53.5559;9.97452
2;369;375;53.5559;9.97452;53.5551;9.97381
2;375;386;53.5551;9.97381;53.5538;9.97264
2;386;404;53.5538;9.97264;53.5518;9.97085
2;404;405;53.5518;9.97085;53.5516;9.97066
2;405;407;53.5516;9.97066;53.5513;9.97039
2;407;408;53.5513;9.97039;53.5511;9.97019
2;408;410;53.5511;9.97019;53.5509;9.96993
2;410;411;53.5509;9.96993;53.5509;9.96989
2;411;412;53.5509;9.96989;53.5507;9.9698
2;412;417;53.5507;9.9698;53.5501;9.96942
2;417;439;53.5501;9.96942;53.5498;9.96478
2;439;450;53.5498;9.96478;53.5496;9.96239
2;450;454;53.5496;9.96239;53.5495;9.96136
2;454;458;53.5495;9.96136;53.5495;9.96031
2;458;459;53.5495;9.96031;53.5495;9.96009
2;459;466;53.5495;9.96009;53.5496;9.95857
2;466;467;53.5496;9.95857;53.5496;9.95823
2;467;473;53.5496;9.95823;53.5498;9.95678
2;473;474;53.5498;9.95678;53.5498;9.95636
2;474;477;53.5498;9.95636;53.5498;9.95565
2;477;478;53.5498;9.95565;53.5498;9.95541
2;478;479;53.5498;9.95541;53.5497;9.95538
2;479;482;53.5497;9.95538;53.5492;9.95527
2;482;487;53.5492;9.95527;53.5486;9.95488
2;487;496;53.5486;9.95488;53.5475;9.95405
2;496;499;53.5475;9.95405;53.5471;9.95368
2;499;503;53.5471;9.95368;53.5467;9.95333
2;503;505;53.5467;9.95333;53.5464;9.95306
2;505;506;53.5464;9.95306;53.5463;9.95297
2;506;512;53.5463;9.95297;53.5457;9.95381
2;512;513;53.5457;9.95381;53.5458;9.95389
2;513;514;53.5458;9.95389;53.5459;9.95368
2;514;516;53.5459;9.95368;53.5462;9.95341
2;516;517;53.5462;9.95341;53.5464;9.95318
2;527;528;53.5464;9.95318;53.5464;9.95306
2;528;530;53.5464;9.95306;53.5467;9.95333
2;530;534;53.5467;9.95333;53.5471;9.95368
2;534;537;53.5471;9.95368;53.5475;9.95405
2;537;546;53.5475;9.95405;53.5486;9.95488
2;546;551;53.5486;9.95488;53.5492;9.95527
2;551;554;53.5492;9.95527;53.5497;9.95558
2;554;555;53.5497;9.95558;53.5497;9.95559
2;555;556;53.5497;9.95559;53.5498;9.95565
2;556;561;53.5498;9.95565;53.5504;9.95578
2;561;571;53.5504;9.95578;53.5517;9.95589
2;571;578;53.5517;9.95589;53.5525;9.95537
2;578;584;53.5525;9.95537;53.5532;9.95446
2;584;588;53.5532;9.95446;53.5536;9.95381
2;588;599;53.5536;9.95381;53.5547;9.95204
2;599;607;53.5547;9.95204;53.5555;9.95085
2;607;610;53.5555;9.95085;53.5559;9.95047
2;610;613;53.5559;9.95047;53.5563;9.95028
2;613;617;53.5563;9.95028;53.5568;9.95009
2;617;618;53.5568;9.95009;53.557;9.95001
2;618;624;53.557;9.95001;53.5578;9.94967
2;624;630;53.5578;9.94967;53.5586;9.94936
2;630;631;53.5586;9.94936;53.5587;9.94931
2;631;635;53.5587;9.94931;53.5592;9.94901
2;635;636;53.5592;9.94901;53.5594;9.94892
2;636;638;53.5594;9.94892;53.5597;9.9487
2;638;639;53.5597;9.9487;53.5598;9.94864
2;639;642;53.5598;9.94864;53.5602;9.94835
2;642;644;53.5602;9.94835;53.5606;9.94806
2;644;645;53.5606;9.94806;53.5607;9.94787
2;645;646;53.5607;9.94787;53.5609;9.94766
2;646;648;53.5609;9.94766;53.5612;9.94733
2;648;649;53.5612;9.94733;53.5613;9.94717
2;649;652;53.5613;9.94717;53.5616;9.94668
2;652;655;53.5616;9.94668;53.562;9.94631
2;655;659;53.562;9.94631;53.5625;9.9458
2;659;663;53.5625;9.9458;53.563;9.94541
2;663;667;53.563;9.94541;53.5631;9.94446
2;667;677;53.5631;9.94446;53.5634;9.9423
2;677;678;53.5634;9.9423;53.5635;9.94206
2;678;680;53.5635;9.94206;53.5636;9.94155
2;680;681;53.5636;9.94155;53.5636;9.9413
2;681;685;53.5636;9.9413;53.5636;9.9404
2;685;687;53.5636;9.9404;53.5636;9.93993
2;687;689;53.5636;9.93993;53.5637;9.93933
2;689;691;53.5637;9.93933;53.5637;9.93873
2;691;692;53.5637;9.93873;53.5637;9.93867
2;692;693;53.5637;9.93867;53.5637;9.93832
2;693;699;53.5637;9.93832;53.5637;9.93701
2;699;700;53.5637;9.93701;53.5637;9.93695
2;700;702;53.5637;9.93695;53.5637;9.93638
2;702;705;53.5637;9.93638;53.5638;9.9356
2;705;706;53.5638;9.9356;53.5638;9.9352
2;706;713;53.5638;9.9352;53.5637;9.93363
2;713;719;53.5637;9.93363;53.5635;9.93237
2;719;723;53.5635;9.93237;53.5634;9.9315
2;723;724;53.5634;9.9315;53.5634;9.93117
2;724;725;53.5634;9.93117;53.5634;9.93107
2;725;729;53.5634;9.93107;53.5635;9.93012
2;729;731;53.5635;9.93012;53.5635;9.92966
2;731;732;53.5635;9.92966;53.5635;9.92939
2;732;737;53.5635;9.92939;53.5629;9.92919
2;737;749;53.5629;9.92919;53.5613;9.9285
2;749;752;53.5613;9.9285;53.5609;9.92836
2;752;755;53.5609;9.92836;53.5605;9.92809
2;755;756;53.5605;9.92809;53.5604;9.92796
2;756;759;53.5604;9.92796;53.56;9.92754
2;759;767;53.56;9.92754;53.56;9.92574
2;777;785;53.56;9.92574;53.56;9.92754
2;785;797;53.56;9.92754;53.5609;9.92528
2;797;798;53.5609;9.92528;53.5609;9.92518
2;798;804;53.5609;9.92518;53.5614;9.92411
2;804;816;53.5614;9.92411;53.562;9.92284
2;816;823;53.562;9.92284;53.5624;9.92207
2;823;824;53.5624;9.92207;53.5624;9.92194
2;824;827;53.5624;9.92194;53.5626;9.92139
2;827;832;53.5626;9.92139;53.563;9.92031
2;832;833;53.563;9.92031;53.5631;9.9202
2;843;845;53.5631;9.9202;53.5634;9.91986
2;845;846;53.5634;9.91986;53.5634;9.91976
2;846;847;53.5634;9.91976;53.5635;9.9197
2;847;849;53.5635;9.9197;53.5639;9.91953
2;849;850;53.5639;9.91953;53.564;9.91948
2;850;851;53.564;9.91948;53.564;9.91966
2;851;854;53.564;9.91966;53.564;9.9205
2;854;855;53.564;9.9205;53.564;9.92063
2;855;860;53.564;9.92063;53.5639;9.92186
2;860;861;53.5639;9.92186;53.5639;9.92202
2;861;862;53.5639;9.92202;53.5639;9.92243
2;862;863;53.5639;9.92243;53.5638;9.92282
2;863;864;53.5638;9.92282;53.5638;9.92308
2;864;865;53.5638;9.92308;53.5638;9.9233
2;865;866;53.5638;9.9233;53.5638;9.92344
2;866;868;53.5638;9.92344;53.5638;9.92396
2;868;870;53.5638;9.92396;53.5637;9.92455
2;870;872;53.5637;9.92455;53.5637;9.92507
2;872;873;53.5637;9.92507;53.5637;9.92547
2;873;875;53.5637;9.92547;53.5637;9.92607
2;875;877;53.5637;9.92607;53.5636;9.92656
2;877;878;53.5636;9.92656;53.5636;9.92695
2;878;884;53.5636;9.92695;53.5635;9.9284
2;884;888;53.5635;9.9284;53.5635;9.92939
2;888;889;53.5635;9.92939;53.5635;9.92966
2;889;891;53.5635;9.92966;53.5635;9.93012
2;891;895;53.5635;9.93012;53.5634;9.93107
2;895;896;53.5634;9.93107;53.5634;9.93117
2;896;897;53.5634;9.93117;53.5634;9.9315
2;897;901;53.5634;9.9315;53.5635;9.93237
2;901;907;53.5635;9.93237;53.5637;9.93363
2;907;914;53.5637;9.93363;53.5638;9.9352
2;914;915;53.5638;9.9352;53.5638;9.9356
2;915;918;53.5638;9.9356;53.5637;9.93638
2;918;920;53.5637;9.93638;53.5637;9.93695
2;920;921;53.5637;9.93695;53.5637;9.93701
2;921;927;53.5637;9.93701;53.5637;9.93832
2;927;928;53.5637;9.93832;53.5637;9.93867
2;928;929;53.5637;9.93867;53.5637;9.93873
2;929;931;53.5637;9.93873;53.5637;9.93933
2;931;933;53.5637;9.93933;53.5636;9.93993
2;933;935;53.5636;9.93993;53.5636;9.9404
2;935;939;53.5636;9.9404;53.5636;9.9413
2;939;940;53.5636;9.9413;53.5636;9.94155
2;940;942;53.5636;9.94155;53.5635;9.94206
2;942;943;53.5635;9.94206;53.5634;9.9423
2;943;953;53.5634;9.9423;53.5631;9.94446
2;953;957;53.5631;9.94446;53.563;9.94541
2;957;961;53.563;9.94541;53.5625;9.9458
2;961;965;53.5625;9.9458;53.562;9.94631
2;965;968;53.562;9.94631;53.5616;9.94668
2;968;971;53.5616;9.94668;53.5613;9.94717
2;971;972;53.5613;9.94717;53.5612;9.94733
2;972;974;53.5612;9.94733;53.5609;9.94766
2;974;975;53.5609;9.94766;53.5607;9.94787
2;975;976;53.5607;9.94787;53.5606;9.94806
2;976;978;53.5606;9.94806;53.5602;9.94835
2;978;981;53.5602;9.94835;53.5598;9.94864
2;981;982;53.5598;9.94864;53.5597;9.9487
2;982;984;53.5597;9.9487;53.5594;9.94892
2;984;985;53.5594;9.94892;53.5592;9.94901
2;985;989;53.5592;9.94901;53.5587;9.94931
2;989;990;53.5587;9.94931;53.5586;9.94936
2;990;996;53.5586;9.94936;53.5578;9.94967
2;996;1002;53.5578;9.94967;53.557;9.95001
2;1002;1003;53.557;9.95001;53.5568;9.95009
2;1003;1007;53.5568;9.95009;53.5563;9.95028
2;1007;1010;53.5563;9.95028;53.5559;9.95047
2;1010;1013;53.5559;9.95047;53.5555;9.95085
2;1013;1021;53.5555;9.95085;53.5547;9.95204
2;1021;1032;53.5547;9.95204;53.5536;9.95381
2;1032;1036;53.5536;9.95381;53.5532;9.95446
2;1036;1042;53.5532;9.95446;53.5525;9.95537
2;1042;1048;53.5525;9.95537;53.5517;9.95561
2;1048;1053;53.5517;9.95561;53.5509;9.95562
2;1053;1054;53.5509;9.95562;53.5508;9.95562
2;1054;1055;53.5508;9.95562;53.5506;9.95558
2;1055;1058;53.5506;9.95558;53.5502;9.95552
2;1058;1061;53.5502;9.95552;53.5498;9.95541
2;1061;1062;53.5498;9.95541;53.5497;9.95538
2;1062;1065;53.5497;9.95538;53.5492;9.95527
2;1065;1070;53.5492;9.95527;53.5486;9.95488
2;1070;1079;53.5486;9.95488;53.5475;9.95405
2;1079;1082;53.5475;9.95405;53.5471;9.95368
2;1082;1087;53.5471;9.95368;53.547;9.95429
2;1087;1101;53.547;9.95429;53.5473;9.95603
2;1101;1103;53.5473;9.95603;53.5473;9.95627
2;1103;1104;53.5473;9.95627;53.5474;9.95644
2;1104;1113;53.5474;9.95644;53.5475;9.95678
2;1113;1127;53.5475;9.95678;53.5474;9.95736
2;1137;1151;53.5474;9.95736;53.5475;9.95678
2;1151;1160;53.5475;9.95678;53.5474;9.95644
2;1160;1161;53.5474;9.95644;53.5473;9.95627
2;1161;1163;53.5473;9.95627;53.5473;9.95603
2;1163;1177;53.5473;9.95603;53.5464;9.95612
2;1177;1196;53.5464;9.95612;53.5463;9.95407
2;1196;1197;53.5463;9.95407;53.5464;9.954
2;1197;1207;53.5464;9.954;53.547;9.95429
2;1207;1212;53.547;9.95429;53.5471;9.95368
2;1212;1215;53.5471;9.95368;53.5475;9.95405
2;1215;1224;53.5475;9.95405;53.5486;9.95488
2;1224;1229;53.5486;9.95488;53.5492;9.95527
2;1229;1232;53.5492;9.95527;53.5497;9.95558
2;1232;1235;53.5497;9.95558;53.5497;9.95628
2;1235;1236;53.5497;9.95628;53.5497;9.95638
2;1236;1243;53.5497;9.95638;53.5496;9.95803
2;1243;1244;53.5496;9.95803;53.5496;9.9584
2;1244;1252;53.5496;9.9584;53.5495;9.96011
2;1252;1257;53.5495;9.96011;53.5494;9.96118
2;1257;1261;53.5494;9.96118;53.5494;9.96202
2;1261;1262;53.5494;9.96202;53.5495;9.96242
2;1262;1263;53.5495;9.96242;53.5493;9.96246
2;1263;1264;53.5493;9.96246;53.5492;9.96248
2;1264;1268;53.5492;9.96248;53.5486;9.9626
2;1268;1269;53.5486;9.9626;53.5485;9.96261
2;1269;1273;53.5485;9.96261;53.548;9.96274
2;1273;1292;53.548;9.96274;53.5481;9.96523
2;1292;1307;53.5481;9.96523;53.5481;9.96717
2;1307;1309;53.5481;9.96717;53.5479;9.96685
2;1319;1321;53.5479;9.96685;53.5481;9.96717
2;1321;1326;53.5481;9.96717;53.5487;9.96776
2;1326;1329;53.5487;9.96776;53.5488;9.96749
2;1329;1342;53.5488;9.96749;53.5497;9.96735
2;1342;1346;53.5497;9.96735;53.5499;9.96725
2;1346;1355;53.5499;9.96725;53.55;9.96934
2;1355;1356;53.55;9.96934;53.55;9.96942
2;1356;1357;53.55;9.96942;53.55;9.9696
2;1357;1358;53.55;9.9696;53.5501;9.96961
2;1358;1362;53.5501;9.96961;53.5507;9.96994
2;1362;1363;53.5507;9.96994;53.5508;9.96993
2;1363;1364;53.5508;9.96993;53.5509;9.96993
2;1364;1366;53.5509;9.96993;53.5511;9.97019
2;1366;1367;53.5511;9.97019;53.5513;9.97039
2;1367;1369;53.5513;9.97039;53.5516;9.97066
2;1369;1370;53.5516;9.97066;53.5518;9.97085
2;1370;1388;53.5518;9.97085;53.5538;9.97264
2;1388;1399;53.5538;9.97264;53.5551;9.97381
2;1399;1405;53.5551;9.97381;53.5559;9.97452
2;1405;1407;53.5559;9.97452;53.5561;9.97484
2;1407;1410;53.5561;9.97484;53.5564;9.97529
2;1410;1412;53.5564;9.97529;53.5567;9.97563
2;1412;1413;53.5567;9.97563;53.5568;9.97573
2;1413;1414;53.5568;9.97573;53.557;9.97597
2;1414;1417;53.557;9.97597;53.5573;9.97639
2;1417;1419;53.5573;9.97639;53.5575;9.97682
2;1419;1420;53.5575;9.97682;53.5576;9.97674
2;1430;1433;53.5576;9.97674;53.5573;9.97639
2;1433;1436;53.5573;9.97639;53.557;9.97597
2;1436;1437;53.557;9.97597;53.5568;9.97573
2;1437;1438;53.5568;9.97573;53.5567;9.97563
2;1438;1440;53.5567;9.97563;53.5564;9.97529
2;1440;1443;53.5564;9.97529;53.5566;9.97469
2;1443;1447;53.5566;9.97469;53.5567;9.97386
2;1447;1453;53.5567;9.97386;53.557;9.97258
2;1453;1454;53.557;9.97258;53.557;9.97247
2;1454;1455;53.557;9.97247;53.557;9.97244
2;1465;1466;53.557;9.97244;53.557;9.97247
2;1466;1467;53.557;9.97247;53.557;9.97258
2;1467;1473;53.557;9.97258;53.5567;9.97386
2;1473;1476;53.5567;9.97386;53.5565;9.97455
2;1476;1479;53.5565;9.97455;53.5564;9.97529
2;1479;1483;53.5564;9.97529;53.5564;9.97614
2;1483;1484;53.5564;9.97614;53.5563;9.97646
2;1484;1487;53.5563;9.97646;53.5561;9.9772
2;1487;1491;53.5561;9.9772;53.5558;9.9779
2;1491;1493;53.5558;9.9779;53.5557;9.97846
2;1493;1495;53.5557;9.97846;53.5556;9.97897
2;1495;1496;53.5556;9.97897;53.5555;9.97916
2;1496;1497;53.5555;9.97916;53.5555;9.97945
2;1497;1498;53.5555;9.97945;53.5554;9.97966
2;1498;1501;53.5554;9.97966;53.5552;9.98022
2;1501;1503;53.5552;9.98022;53.555;9.98064
2;1503;1504;53.555;9.98064;53.5549;9.98094
2;1504;1505;53.5549;9.98094;53.5547;9.98119
2;1505;1509;53.5547;9.98119;53.5544;9.98178
2;1509;1511;53.5544;9.98178;53.5542;9.98207
2;1511;1519;53.5542;9.98207;53.5534;9.98327
2;1519;1521;53.5534;9.98327;53.5532;9.98359
2;1521;1526;53.5532;9.98359;53.5527;9.98444
2;1526;1528;53.5527;9.98444;53.5524;9.98482
2;1528;1533;53.5524;9.98482;53.552;9.98568
2;1543;1544;53.552;9.98568;53.5519;9.98571
2;1544;1545;53.5519;9.98571;53.5519;9.98573
2;1545;1551;53.5519;9.98573;53.5511;9.98577
2;1551;1552;53.5511;9.98577;53.5509;9.98578
2;1552;1553;53.5509;9.98578;53.5508;9.9858
2;1553;1554;53.5508;9.9858;53.5506;9.98583
2;1554;1556;53.5506;9.98583;53.5503;9.98589
2;1556;1559;53.5503;9.98589;53.5498;9.98608
2;1559;1561;53.5498;9.98608;53.5495;9.98638
2;1561;1564;53.5495;9.98638;53.5492;9.9868
2;1564;1565;53.5492;9.9868;53.5491;9.98684
2;1565;1566;53.5491;9.98684;53.549;9.98689
2;1566;1568;53.549;9.98689;53.5487;9.98697
2;1568;1569;53.5487;9.98697;53.5487;9.9869
2;1569;1570;53.5487;9.9869;53.5486;9.9868
2;1570;1571;53.5486;9.9868;53.5483;9.98675
2;1571;1573;53.5483;9.98675;53.548;9.98662
2;1573;1574;53.548;9.98662;53.5479;9.98656
2;1574;1575;53.5479;9.98656;53.5478;9.98646
2;1575;1576;53.5478;9.98646;53.5477;9.98639
2;1576;1577;53.5477;9.98639;53.5477;9.98627
2;1577;1581;53.5477;9.98627;53.5472;9.98585
2;1581;1587;53.5472;9.98585;53.5464;9.98519
2;1587;1595;53.5464;9.98519;53.5455;9.98438
2;1595;1596;53.5455;9.98438;53.5455;9.98433
2;1596;1597;53.5455;9.98433;53.5454;9.98424
2;1597;1599;53.5454;9.98424;53.5451;9.98394
2;1599;1604;53.5451;9.98394;53.5447;9.98307
2;1604;1605;53.5447;9.98307;53.5446;9.98293
2;1605;1607;53.5446;9.98293;53.5444;9.98242
2;1607;1610;53.5444;9.98242;53.5444;9.98179
2;1610;1611;53.5444;9.98179;53.5443;9.98152
2;1611;1613;53.5443;9.98152;53.5443;9.98108
2;1613;1614;53.5443;9.98108;53.5443;9.98097
2;1614;1615;53.5443;9.98097;53.5444;9.9807
2;1615;1616;53.5444;9.9807;53.5444;9.98056
2;1616;1626;53.5444;9.98056;53.5443;9.97827
2;1626;1635;53.5443;9.97827;53.5445;9.97631
2;1635;1637;53.5445;9.97631;53.5446;9.97591
2;1637;1640;53.5446;9.97591;53.5448;9.97523
2;1640;1644;53.5448;9.97523;53.5451;9.97526
2;1644;1645;53.5451;9.97526;53.5453;9.97525
2;1645;1653;53.5453;9.97525;53.5459;9.97511
2;1663;1679;53.5459;9.97511;53.5455;9.97316
2;1679;1682;53.5455;9.97316;53.5455;9.97248
2;1682;1692;53.5455;9.97248;53.5458;9.97042
2;1692;1695;53.5458;9.97042;53.546;9.96974
2;1695;1696;53.546;9.96974;53.546;9.96957
2;1696;1698;53.546;9.96957;53.5463;9.96979
2;1698;1699;53.5463;9.96979;53.5465;9.97001
2;1699;1700;53.5465;9.97001;53.5466;9.97018
2;1700;1701;53.5466;9.97018;53.5468;9.97045
2;1701;1713;53.5468;9.97045;53.5484;9.97064
2;1713;1723;53.5484;9.97064;53.5496;9.96978
2;1723;1726;53.5496;9.96978;53.55;9.9696
2;1726;1727;53.55;9.9696;53.5501;9.96961
2;1727;1731;53.5501;9.96961;53.5507;9.96994
2;1731;1732;53.5507;9.96994;53.5508;9.96993
2;1732;1733;53.5508;9.96993;53.5509;9.96993
2;1733;1735;53.5509;9.96993;53.5511;9.97019
2;1735;1736;53.5511;9.97019;53.5513;9.97039
2;1736;1738;53.5513;9.97039;53.5516;9.97066
2;1738;1739;53.5516;9.97066;53.5518;9.97085
2;1739;1757;53.5518;9.97085;53.5538;9.97264
2;1757;1768;53.5538;9.97264;53.5551;9.97381
2;1768;1774;53.5551;9.97381;53.5559;9.97452
2;1774;1776;53.5559;9.97452;53.5561;9.97484
2;1776;1779;53.5561;9.97484;53.5564;9.97529
2;1779;1781;53.5564;9.97529;53.5567;9.97563
2;1781;1782;53.5567;9.97563;53.5568;9.97573
2;1782;1783;53.5568;9.97573;53.557;9.97597
2;1783;1786;53.557;9.97597;53.5573;9.97639
2;1786;1788;53.5573;9.97639;53.5575;9.97682
2;1788;1789;53.5575;9.97682;53.5576;9.97674
2;1789;1798;53.5576;9.97674;53.5585;9.97566
2;1798;1803;53.5585;9.97566;53.5592;9.97548
3;0;0;53.5417;9.99936;53.5417;9.99936
3;0;3;53.5417;9.99936;53.5413;9.99963
3;3;4;53.5413;9.99963;53.5412;9.99967
3;4;5;53.5412;9.99967;53.5412;9.99984
3;5;6;53.5412;9.99984;53.5412;9.99979
3;6;14;53.5412;9.99979;53.5423;9.9991
3;14;15;53.5423;9.9991;53.5425;9.99894
3;15;20;53.5425;9.99894;53.5432;9.99846
3;20;22;53.5432;9.99846;53.5435;9.99827
3;22;26;53.5435;9.99827;53.544;9.99787
3;26;27;53.544;9.99787;53.5441;9.99782
3;27;29;53.5441;9.99782;53.5442;9.99825
3;29;31;53.5442;9.99825;53.5443;9.99866
3;31;32;53.5443;9.99866;53.5444;9.99899
3;32;42;53.5444;9.99899;53.545;10.0009
3;42;43;53.545;10.0009;53.545;10.001
3;43;44;53.545;10.001;53.5451;10.0013
3;44;50;53.5451;10.0013;53.5454;10.0024
3;50;51;53.5454;10.0024;53.5455;10.0026
3;51;52;53.5455;10.0026;53.5456;10.0027
3;52;55;53.5456;10.0027;53.546;10.0031
3;55;57;53.546;10.0031;53.5462;10.0034
3;57;61;53.5462;10.0034;53.5466;10.0041
3;61;62;53.5466;10.0041;53.5466;10.0041
3;62;63;53.5466;10.0041;53.5467;10.0041
3;63;64;53.5467;10.0041;53.5468;10.0043
3;64;65;53.5468;10.0043;53.5468;10.0044
3;65;67;53.5468;10.0044;53.5471;10.0048
3;67;68;53.5471;10.0048;53.5472;10.005
3;68;73;53.5472;10.005;53.5477;10.0058
3;73;74;53.5477;10.0058;53.5478;10.0061
3;74;76;53.5478;10.0061;53.5482;10.0062
3;76;77;53.5482;10.0062;53.5483;10.0063
3;77;78;53.5483;10.0063;53.5484;10.0063
3;78;82;53.5484;10.0063;53.5489;10.0064
3;82;83;53.5489;10.0064;53.549;10.0064
3;83;91;53.549;10.0064;53.5501;10.0066
3;91;92;53.5501;10.0066;53.5502;10.0066
3;92;93;53.5502;10.0066;53.5503;10.0065
3;93;101;53.5503;10.0065;53.5513;10.0061
3;101;104;53.5513;10.0061;53.5517;10.006
3;104;105;53.5517;10.006;53.5517;10.0061
3;105;106;53.5517;10.0061;53.5518;10.0064
3;106;109;53.5518;10.0064;53.5519;10.007
3;109;113;53.5519;10.007;53.552;10.0081
3;113;115;53.552;10.0081;53.552;10.0086
3;115;116;53.552;10.0086;53.552;10.0089
3;116;117;53.552;10.0089;53.5522;10.0089
3;117;118;53.5522;10.0089;53.5522;10.0089
3;118;119;53.5522;10.0089;53.5523;10.0088
3;119;120;53.5523;10.0088;53.5525;10.0088
3;120;127;53.5525;10.0088;53.5534;10.0085
3;127;128;53.5534;10.0085;53.5536;10.0085
3;128;132;53.5536;10.0085;53.5541;10.0083
3;132;133;53.5541;10.0083;53.5543;10.0083
3;133;135;53.5543;10.0083;53.5545;10.0081
3;135;137;53.5545;10.0081;53.5544;10.0075
3;147;148;53.5544;10.0075;53.5544;10.0072
3;148;149;53.5544;10.0072;53.5543;10.007
3;149;151;53.5543;10.007;53.5545;10.0066
3;151;152;53.5545;10.0066;53.5546;10.0065
3;152;153;53.5546;10.0065;53.5548;10.0064
3;153;154;53.5548;10.0064;53.5548;10.0066
3;154;160;53.5548;10.0066;53.555;10.0079
3;160;161;53.555;10.0079;53.5551;10.008
3;161;162;53.5551;10.008;53.5551;10.008
3;162;163;53.5551;10.008;53.5553;10.008
3;163;164;53.5553;10.008;53.5553;10.008
3;164;167;53.5553;10.008;53.5555;10.0087
3;167;168;53.5555;10.0087;53.5556;10.0087
3;168;169;53.5556;10.0087;53.5556;10.0088
3;169;173;53.5556;10.0088;53.556;10.0094
3;173;178;53.556;10.0094;53.5565;10.0101
3;178;186;53.5565;10.0101;53.5574;10.0112
3;186;190;53.5574;10.0112;53.5578;10.0118
3;190;191;53.5578;10.0118;53.5579;10.0118
3;191;201;53.5579;10.0118;53.5589;10.0132
3;201;202;53.5589;10.0132;53.559;10.0136
3;202;203;53.559;10.0136;53.5591;10.0137
3;203;209;53.5591;10.0137;53.5597;10.0146
3;209;212;53.5597;10.0146;53.5601;10.0148
3;212;213;53.5601;10.0148;53.5603;10.0148
3;213;216;53.5603;10.0148;53.5607;10.015
3;216;217;53.5607;10.015;53.5609;10.0151
3;217;219;53.5609;10.0151;53.5612;10.0153
3;219;221;53.5612;10.0153;53.5614;10.0156
3;221;223;53.5614;10.0156;53.5617;10.0159
3;223;224;53.5617;10.0159;53.5618;10.0161
3;224;227;53.5618;10.0161;53.562;10.0166
3;227;228;53.562;10.0166;53.5621;10.0167
3;228;233;53.5621;10.0167;53.5625;10.0175
3;233;236;53.5625;10.0175;53.5628;10.0181
3;236;237;53.5628;10.0181;53.5629;10.0184
3;237;238;53.5629;10.0184;53.5629;10.0185
3;238;242;53.5629;10.0185;53.5632;10.0193
3;242;246;53.5632;10.0193;53.5634;10.0201
3;256;260;53.5634;10.0201;53.5636;10.0209
3;260;272;53.5636;10.0209;53.5642;10.0235
3;272;275;53.5642;10.0235;53.5642;10.0243
3;275;276;53.5642;10.0243;53.5643;10.0244
3;276;277;53.5643;10.0244;53.5644;10.0243
3;277;278;53.5644;10.0243;53.5645;10.0242
3;278;279;53.5645;10.0242;53.5646;10.0242
3;279;280;53.5646;10.0242;53.5648;10.0242
3;280;281;53.5648;10.0242;53.5649;10.0243
3;281;283;53.5649;10.0243;53.5652;10.0244
3;283;284;53.5652;10.0244;53.5654;10.0245
3;284;285;53.5654;10.0245;53.5656;10.0246
3;285;286;53.5656;10.0246;53.5657;10.0246
3;286;287;53.5657;10.0246;53.5659;10.0247
3;287;289;53.5659;10.0247;53.5662;10.0249
3;289;295;53.5662;10.0249;53.5669;10.0254
3;295;296;53.5669;10.0254;53.567;10.0255
3;296;306;53.567;10.0255;53.5682;10.0262
3;306;307;53.5682;10.0262;53.5684;10.0265
3;307;313;53.5684;10.0265;53.569;10.0275
3;313;315;53.569;10.0275;53.5692;10.0279
3;315;316;53.5692;10.0279;53.5693;10.0281
3;316;317;53.5693;10.0281;53.5694;10.0282
3;317;318;53.5694;10.0282;53.5695;10.0281
3;318;319;53.5695;10.0281;53.5695;10.0281
3;319;320;53.5695;10.0281;53.5696;10.028
3;320;321;53.5696;10.028;53.5697;10.0278
3;321;323;53.5697;10.0278;53.57;10.0277
3;323;324;53.57;10.0277;53.5702;10.0278
3;324;328;53.5702;10.0278;53.5706;10.0285
3;328;330;53.5706;10.0285;53.5709;10.0287
3;330;332;53.5709;10.0287;53.5712;10.0286
3;332;333;53.5712;10.0286;53.5713;10.0286
3;343;344;53.5713;10.0286;53.5712;10.0286
3;344;345;53.5712;10.0286;53.571;10.0284
3;345;347;53.571;10.0284;53.5708;10.028
3;347;352;53.5708;10.028;53.5703;10.0271
3;352;356;53.5703;10.0271;53.5708;10.0265
3;356;358;53.5708;10.0265;53.571;10.0262
3;358;363;53.571;10.0262;53.5715;10.0256
3;363;376;53.5715;10.0256;53.5729;10.024
3;376;377;53.5729;10.024;53.573;10.0239
3;377;379;53.573;10.0239;53.5732;10.0236
3;379;383;53.5732;10.0236;53.5736;10.0231
3;383;384;53.5736;10.0231;53.5737;10.023
3;384;386;53.5737;10.023;53.5739;10.0228
3;386;387;53.5739;10.0228;53.5741;10.0225
3;387;388;53.5741;10.0225;53.5742;10.0224
3;388;390;53.5742;10.0224;53.5744;10.0221
3;390;395;53.5744;10.0221;53.575;10.0215
3;395;396;53.575;10.0215;53.5752;10.0213
3;396;399;53.5752;10.0213;53.5751;10.0207
3;399;401;53.5751;10.0207;53.575;10.0202
3;401;402;53.575;10.0202;53.575;10.0201
3;402;403;53.575;10.0201;53.575;10.0198
3;403;405;53.575;10.0198;53.575;10.0192
3;405;408;53.575;10.0192;53.5749;10.0185
3;408;410;53.5749;10.0185;53.5749;10.0179
3;420;422;53.5749;10.0179;53.5749;10.0185
3;422;425;53.5749;10.0185;53.575;10.0192
3;425;427;53.575;10.0192;53.575;10.0198
3;427;428;53.575;10.0198;53.575;10.0201
3;428;429;53.575;10.0201;53.575;10.0202
3;429;431;53.575;10.0202;53.5751;10.0207
3;431;434;53.5751;10.0207;53.5752;10.0213
3;434;438;53.5752;10.0213;53.5755;10.0221
3;438;440;53.5755;10.0221;53.5757;10.0225
3;440;444;53.5757;10.0225;53.5759;10.0232
3;444;449;53.5759;10.0232;53.5763;10.0242
3;449;454;53.5763;10.0242;53.5768;10.0252
3;454;458;53.5768;10.0252;53.5771;10.026
3;458;462;53.5771;10.026;53.5774;10.0269
3;462;463;53.5774;10.0269;53.5774;10.027
3;463;464;53.5774;10.027;53.5775;10.027
3;464;466;53.5775;10.027;53.5776;10.0274
3;466;467;53.5776;10.0274;53.5776;10.0275
3;467;472;53.5776;10.0275;53.5779;10.0285
3;472;476;53.5779;10.0285;53.5783;10.0293
3;476;492;53.5783;10.0293;53.5796;10.0319
3;492;493;53.5796;10.0319;53.5797;10.0322
3;493;494;53.5797;10.0322;53.5799;10.0322
3;494;499;53.5799;10.0322;53.5805;10.0323
3;499;501;53.5805;10.0323;53.5808;10.0323
3;501;507;53.5808;10.0323;53.5817;10.0326
3;507;510;53.5817;10.0326;53.5821;10.0329
3;510;514;53.5821;10.0329;53.5827;10.0333
3;514;520;53.5827;10.0333;53.5835;10.0336
3;520;528;53.5835;10.0336;53.5845;10.0338
3;528;529;53.5845;10.0338;53.5846;10.0338
3;529;531;53.5846;10.0338;53.5849;10.0338
3;531;535;53.5849;10.0338;53.5855;10.0337
3;535;536;53.5855;10.0337;53.5857;10.0337
3;536;537;53.5857;10.0337;53.5858;10.0337
3;537;541;53.5858;10.0337;53.5863;10.0336
3;541;542;53.5863;10.0336;53.5864;10.0336
3;542;545;53.5864;10.0336;53.5868;10.0336
3;545;548;53.5868;10.0336;53.5872;10.0335
3;548;549;53.5872;10.0335;53.5872;10.0332
3;549;555;53.5872;10.0332;53.5869;10.0321
3;555;556;53.5869;10.0321;53.5868;10.032
3;566;567;53.5868;10.032;53.5869;10.0321
3;567;573;53.5869;10.0321;53.5872;10.0332
3;573;579;53.5872;10.0332;53.5864;10.0334
3;579;590;53.5864;10.0334;53.5849;10.0336
3;590;592;53.5849;10.0336;53.5846;10.0336
3;592;593;53.5846;10.0336;53.5845;10.0336
3;593;594;53.5845;10.0336;53.5844;10.0336
3;594;599;53.5844;10.0336;53.5836;10.0334
3;599;600;53.5836;10.0334;53.5835;10.0334
3;600;606;53.5835;10.0334;53.5827;10.0331
3;606;610;53.5827;10.0331;53.5821;10.0329
3;610;613;53.5821;10.0329;53.5817;10.0326
3;613;619;53.5817;10.0326;53.5808;10.0323
3;619;621;53.5808;10.0323;53.5805;10.0323
3;621;626;53.5805;10.0323;53.5799;10.0322
3;626;627;53.5799;10.0322;53.5797;10.0322
3;627;628;53.5797;10.0322;53.5795;10.0323
3;628;633;53.5795;10.0323;53.5787;10.0324
3;633;650;53.5787;10.0324;53.5766;10.0337
3;650;657;53.5766;10.0337;53.5757;10.0343
3;657;658;53.5757;10.0343;53.5756;10.0345
3;658;659;53.5756;10.0345;53.5755;10.0345
3;659;663;53.5755;10.0345;53.575;10.0353
3;663;664;53.575;10.0353;53.575;10.0354
3;664;665;53.575;10.0354;53.5749;10.0355
3;665;666;53.5749;10.0355;53.575;10.0356
3;666;667;53.575;10.0356;53.5751;10.0357
3;667;680;53.5751;10.0357;53.5763;10.0375
3;680;683;53.5763;10.0375;53.576;10.038
3;683;687;53.576;10.038;53.5756;10.0386
3;687;688;53.5756;10.0386;53.5755;10.0387
3;688;692;53.5755;10.0387;53.5751;10.0394
3;692;694;53.5751;10.0394;53.5751;10.0397
3;694;700;53.5751;10.0397;53.5746;10.0399
3;710;716;53.5746;10.0399;53.5751;10.0397
3;716;718;53.5751;10.0397;53.5751;10.0394
3;718;722;53.5751;10.0394;53.5755;10.0387
3;722;723;53.5755;10.0387;53.5756;10.0386
3;723;729;53.5756;10.0386;53.5751;10.0376
3;729;731;53.5751;10.0376;53.5748;10.0374
3;731;737;53.5748;10.0374;53.5746;10.0367
3;737;739;53.5746;10.0367;53.5745;10.0365
3;739;740;53.5745;10.0365;53.5746;10.0364
3;740;745;53.5746;10.0364;53.575;10.0356
3;745;746;53.575;10.0356;53.5751;10.0355
3;746;747;53.5751;10.0355;53.5751;10.0354
3;747;748;53.5751;10.0354;53.5752;10.0353
3;748;749;53.5752;10.0353;53.5753;10.0351
3;749;761;53.5753;10.0351;53.5766;10.0337
3;761;778;53.5766;10.0337;53.5787;10.0324
3;778;783;53.5787;10.0324;53.5795;10.0323
3;783;784;53.5795;10.0323;53.5797;10.0322
3;784;785;53.5797;10.0322;53.5799;10.0322
3;785;790;53.5799;10.0322;53.5805;10.0323
3;790;792;53.5805;10.0323;53.5808;10.0323
3;792;798;53.5808;10.0323;53.5817;10.0326
3;798;801;53.5817;10.0326;53.5821;10.0329
3;801;805;53.5821;10.0329;53.5827;10.0333
3;805;811;53.5827;10.0333;53.5835;10.0336
3;811;819;53.5835;10.0336;53.5845;10.0338
3;819;820;53.5845;10.0338;53.5846;10.0338
3;820;822;53.5846;10.0338;53.5849;10.0338
3;822;826;53.5849;10.0338;53.5855;10.0337
3;826;827;53.5855;10.0337;53.5857;10.0337
3;827;828;53.5857;10.0337;53.5858;10.0337
3;828;832;53.5858;10.0337;53.5863;10.0336
3;832;833;53.5863;10.0336;53.5864;10.0336
3;833;836;53.5864;10.0336;53.5868;10.0336
3;836;839;53.5868;10.0336;53.5872;10.0335
3;839;842;53.5872;10.0335;53.5876;10.0335
3;842;843;53.5876;10.0335;53.5878;10.0334
3;843;844;53.5878;10.0334;53.588;10.0334
3;844;849;53.588;10.0334;53.5887;10.0333
3;849;865;53.5887;10.0333;53.5908;10.0329
3;865;872;53.5908;10.0329;53.5917;10.0327
3;872;878;53.5917;10.0327;53.5926;10.0325
3;878;881;53.5926;10.0325;53.593;10.0324
3;881;882;53.593;10.0324;53.5931;10.0323
3;882;905;53.5931;10.0323;53.596;10.0316
3;905;907;53.596;10.0316;53.5962;10.0316
3;907;923;53.5962;10.0316;53.5983;10.0315
3;923;937;53.5983;10.0315;53.6;10.0302
3;937;940;53.6;10.0302;53.6002;10.0296
3;940;941;53.6002;10.0296;53.6003;10.0295
3;941;943;53.6003;10.0295;53.6003;10.029
3;943;951;53.6003;10.029;53.6003;10.0272
3;951;958;53.6003;10.0272;53.6004;10.0257
3;958;960;53.6004;10.0257;53.6006;10.0254
3;960;964;53.6006;10.0254;53.6011;10.0253
3;964;968;53.6011;10.0253;53.6017;10.0253
3;968;969;53.6017;10.0253;53.6018;10.0253
3;969;982;53.6018;10.0253;53.6035;10.0253
3;982;987;53.6035;10.0253;53.6042;10.0253
3;987;988;53.6042;10.0253;53.6043;10.0253
3;988;992;53.6043;10.0253;53.6048;10.0253
3;992;995;53.6048;10.0253;53.6052;10.0253
3;995;997;53.6052;10.0253;53.6055;10.0255
3;997;1001;53.6055;10.0255;53.6057;10.0263
3;1001;1005;53.6057;10.0263;53.606;10.0271
3;1005;1006;53.606;10.0271;53.6061;10.0272
3;1006;1007;53.6061;10.0272;53.6062;10.0272
3;1007;1008;53.6062;10.0272;53.6063;10.0272
3;1008;1014;53.6063;10.0272;53.6071;10.0266
3;1014;1029;53.6071;10.0266;53.6088;10.0254
3;1029;1034;53.6088;10.0254;53.6095;10.0249
3;1034;1036;53.6095;10.0249;53.6097;10.0247
3;1036;1051;53.6097;10.0247;53.6114;10.023
3;1051;1062;53.6114;10.023;53.6126;10.0217
3;1062;1066;53.6126;10.0217;53.613;10.0212
3;1066;1072;53.613;10.0212;53.6136;10.0205
3;1072;1075;53.6136;10.0205;53.6139;10.02
3;1075;1076;53.6139;10.02;53.614;10.0199
3;1076;1085;53.614;10.0199;53.6149;10.0186
3;1085;1086;53.6149;10.0186;53.6151;10.0183
3;1086;1089;53.6151;10.0183;53.6154;10.0179
3;1089;1092;53.6154;10.0179;53.6157;10.0175
3;1092;1103;53.6157;10.0175;53.6169;10.016
3;1103;1105;53.6169;10.016;53.6172;10.0157
3;1105;1115;53.6172;10.0157;53.6183;10.0149
3;1115;1120;53.6183;10.0149;53.6189;10.0144
3;1120;1123;53.6189;10.0144;53.6193;10.0141
3;1123;1132;53.6193;10.0141;53.6204;10.0134
3;1132;1150;53.6204;10.0134;53.6227;10.0124
3;1150;1151;53.6227;10.0124;53.6228;10.0123
3;1151;1156;53.6228;10.0123;53.6233;10.0115
3;1156;1157;53.6233;10.0115;53.6235;10.0115
3;1157;1158;53.6235;10.0115;53.6236;10.0116
3;1158;1159;53.6236;10.0116;53.6239;10.0116
3;1159;1162;53.6239;10.0116;53.6243;10.0118
3;1162;1179;53.6243;10.0118;53.6264;10.0126
3;1179;1183;53.6264;10.0126;53.627;10.0128
3;1183;1185;53.627;10.0128;53.6273;10.013
3;1185;1186;53.6273;10.013;53.6274;10.013
3;1186;1188;53.6274;10.013;53.6277;10.0132
3;1188;1199;53.6277;10.0132;53.6291;10.0138
3;1199;1208;53.6291;10.0138;53.6303;10.0142
3;1208;1209;53.6303;10.0142;53.6305;10.0143
3;1209;1210;53.6305;10.0143;53.6306;10.0144
3;1210;1212;53.6306;10.0144;53.631;10.0146
3;1212;1215;53.631;10.0146;53.6315;10.0148
3;1215;1216;53.6315;10.0148;53.6315;10.0148
3;1216;1227;53.6315;10.0148;53.6329;10.0154
3;1227;1237;53.6329;10.0154;53.6342;10.016
3;1237;1238;53.6342;10.016;53.6344;10.016
3;1238;1239;53.6344;10.016;53.6346;10.0161
3;1239;1241;53.6346;10.0161;53.6348;10.0162
3;1241;1242;53.6348;10.0162;53.6349;10.0162
3;1242;1243;53.6349;10.0162;53.6351;10.0162
3;1243;1244;53.6351;10.0162;53.6353;10.0161
3;1244;1250;53.6353;10.0161;53.636;10.0156
3;1250;1257;53.636;10.0156;53.6369;10.0151
3;1257;1261;53.6369;10.0151;53.6374;10.0148
3;1261;1262;53.6374;10.0148;53.6376;10.0146
3;1262;1270;53.6376;10.0146;53.6385;10.0141
3;1270;1273;53.6385;10.0141;53.639;10.0138
3;1273;1275;53.639;10.0138;53.6393;10.0136
3;1275;1280;53.6393;10.0136;53.6399;10.0132
3;1280;1283;53.6399;10.0132;53.6397;10.0126
3;1283;1286;53.6397;10.0126;53.6394;10.0119
3;1286;1289;53.6394;10.0119;53.6392;10.0113
3;1289;1291;53.6392;10.0113;53.639;10.0109
3;1291;1296;53.639;10.0109;53.6386;10.0101
3;1296;1311;53.6386;10.0101;53.6371;10.0082
3;1311;1314;53.6371;10.0082;53.6367;10.0076
3;1314;1318;53.6367;10.0076;53.6365;10.0073
3;1318;1319;53.6365;10.0073;53.6364;10.0071
3;1319;1321;53.6364;10.0071;53.6363;10.007
3;1321;1323;53.6363;10.007;53.6361;10.0068
3;1323;1325;53.6361;10.0068;53.6359;10.0067
3;1325;1326;53.6359;10.0067;53.6358;10.0066
3;1326;1327;53.6358;10.0066;53.6357;10.0066
3;1327;1328;53.6357;10.0066;53.6357;10.0066
3;1328;1330;53.6357;10.0066;53.6355;10.0066
3;1330;1333;53.6355;10.0066;53.6352;10.0066
3;1333;1335;53.6352;10.0066;53.635;10.0066
3;1335;1336;53.635;10.0066;53.6349;10.0066
3;1336;1339;53.6349;10.0066;53.6347;10.0067
3;1339;1344;53.6347;10.0067;53.6343;10.0066
3;1344;1347;53.6343;10.0066;53.6341;10.0066
3;1347;1393;53.6341;10.0066;53.6306;10.007
3;1393;1394;53.6306;10.007;53.6304;10.007
3;1394;1395;53.6304;10.007;53.6304;10.007
3;1395;1397;53.6304;10.007;53.6302;10.007
3;1397;1398;53.6302;10.007;53.6302;10.007
3;1398;1399;53.6302;10.007;53.6301;10.0072
3;1399;1401;53.6301;10.0072;53.63;10.0074
3;1411;1411;53.63;10.0074;53.63;10.0074
3;1440;1456;53.63;10.0074;53.6292;10.0084
3;1456;1464;53.6292;10.0084;53.6287;10.0083
3;1464;1481;53.6287;10.0083;53.6276;10.0082
3;1481;1482;53.6276;10.0082;53.6275;10.0082
3;1482;1485;53.6275;10.0082;53.6273;10.0082
3;1485;1486;53.6273;10.0082;53.6273;10.0084
3;1486;1497;53.6273;10.0084;53.6261;10.0089
3;1497;1509;53.6261;10.0089;53.625;10.0096
3;1509;1521;53.625;10.0096;53.6233;10.0113
3;1521;1527;53.6233;10.0113;53.6225;10.0122
3;1527;1533;53.6225;10.0122;53.6216;10.0128
3;1533;1542;53.6216;10.0128;53.6205;10.0133
3;1542;1544;53.6205;10.0133;53.6201;10.0134
3;1544;1545;53.6201;10.0134;53.6199;10.0135
3;1545;1546;53.6199;10.0135;53.6199;10.0136
3;1546;1551;53.6199;10.0136;53.6192;10.014
3;1551;1556;53.6192;10.014;53.619;10.0134
3;1556;1557;53.619;10.0134;53.6189;10.0132
3;1557;1559;53.6189;10.0132;53.6189;10.013
3;1559;1570;53.6189;10.013;53.6184;10.0118
3;1570;1574;53.6184;10.0118;53.6182;10.0113
3;1574;1580;53.6182;10.0113;53.6186;10.0109
3;1580;1586;53.6186;10.0109;53.619;10.0104
3;1586;1589;53.619;10.0104;53.6191;10.0101
3;1589;1590;53.6191;10.0101;53.6192;10.0099
3;1600;1601;53.6192;10.0099;53.6191;10.0101
3;1601;1604;53.6191;10.0101;53.619;10.0104
3;1604;1610;53.619;10.0104;53.6186;10.0109
3;1610;1616;53.6186;10.0109;53.6182;10.0113
3;1616;1620;53.6182;10.0113;53.6184;10.0118
3;1620;1631;53.6184;10.0118;53.6189;10.013
3;1631;1633;53.6189;10.013;53.6189;10.0132
3;1633;1634;53.6189;10.0132;53.619;10.0134
3;1634;1639;53.619;10.0134;53.6192;10.014
3;1639;1640;53.6192;10.014;53.6193;10.0141
3;1640;1649;53.6193;10.0141;53.6204;10.0134
3;1649;1667;53.6204;10.0134;53.6227;10.0124
3;1667;1668;53.6227;10.0124;53.6228;10.0123
3;1668;1673;53.6228;10.0123;53.6233;10.0115
3;1673;1674;53.6233;10.0115;53.6235;10.0115
3;1674;1675;53.6235;10.0115;53.6236;10.0116
3;1675;1676;53.6236;10.0116;53.6239;10.0116
3;1676;1679;53.6239;10.0116;53.6243;10.0118
3;1679;1696;53.6243;10.0118;53.6264;10.0126
3;1696;1700;53.6264;10.0126;53.627;10.0128
3;1700;1702;53.627;10.0128;53.6273;10.013
3;1702;1703;53.6273;10.013;53.6274;10.013
3;1703;1705;53.6274;10.013;53.6277;10.0132
3;1705;1716;53.6277;10.0132;53.6291;10.0138
3;1716;1725;53.6291;10.0138;53.6303;10.0142
3;1725;1726;53.6303;10.0142;53.6305;10.0143
3;1726;1727;53.6305;10.0143;53.6306;10.0144
3;1727;1729;53.6306;10.0144;53.631;10.0146
3;1729;1732;53.631;10.0146;53.6315;10.0148
3;1732;1733;53.6315;10.0148;53.6315;10.0148
3;1733;1744;53.6315;10.0148;53.6329;10.0154
3;1744;1754;53.6329;10.0154;53.6342;10.016
3;1754;1755;53.6342;10.016;53.6344;10.016
3;1755;1756;53.6344;10.016;53.6346;10.0161
3;1756;1758;53.6346;10.0161;53.6348;10.0162
3;1758;1759;53.6348;10.0162;53.6349;10.0162
3;1759;1760;53.6349;10.0162;53.6351;10.0162
3;1760;1761;53.6351;10.0162;53.6353;10.0161
3;1761;1767;53.6353;10.0161;53.636;10.0156
3;1767;1774;53.636;10.0156;53.6369;10.0151
3;1774;1778;53.6369;10.0151;53.6374;10.0148
3;1778;1779;53.6374;10.0148;53.6376;10.0146
3;1779;1787;53.6376;10.0146;53.6385;10.0141
3;1787;1790;53.6385;10.0141;53.639;10.0138
3;1790;1792;53.639;10.0138;53.6393;10.0136
3;1792;1797;53.6393;10.0136;53.6399;10.0132
3;1797;1800;53.6399;10.0132;53.6397;10.0126
3;1800;1803;53.6397;10.0126;53.6394;10.0119
4;0;0;53.6404;10.0842;53.6404;10.0842
4;0;1;53.6404;10.0842;53.6404;10.0843
4;1;2;53.6404;10.0843;53.6404;10.0843
4;2;3;53.6404;10.0843;53.6403;10.0844
4;3;6;53.6403;10.0844;53.6402;10.085
4;6;9;53.6402;10.085;53.6401;10.0858
4;9;13;53.6401;10.0858;53.6399;10.0868
4;13;17;53.6399;10.0868;53.6397;10.0877
4;17;24;53.6397;10.0877;53.6395;10.0891
4;24;25;53.6395;10.0891;53.6394;10.0895
4;25;26;53.6394;10.0895;53.6394;10.0898
4;26;33;53.6394;10.0898;53.6392;10.0913
4;33;38;53.6392;10.0913;53.6391;10.0925
4;38;40;53.6391;10.0925;53.639;10.0928
4;40;45;53.639;10.0928;53.6388;10.0939
4;45;48;53.6388;10.0939;53.6386;10.0944
4;58;63;53.6386;10.0944;53.6392;10.0949
4;63;73;53.6392;10.0949;53.6391;10.0927
4;73;74;53.6391;10.0927;53.6391;10.0925
4;74;79;53.6391;10.0925;53.6392;10.0913
4;79;86;53.6392;10.0913;53.6394;10.0898
4;86;87;53.6394;10.0898;53.6394;10.0895
4;87;88;53.6394;10.0895;53.6395;10.0891
4;88;95;53.6395;10.0891;53.6397;10.0877
4;95;99;53.6397;10.0877;53.6399;10.0868
4;99;103;53.6399;10.0868;53.6401;10.0858
4;103;106;53.6401;10.0858;53.6402;10.085
4;106;109;53.6402;10.085;53.6403;10.0844
4;109;110;53.6403;10.0844;53.6404;10.0843
4;110;111;53.6404;10.0843;53.6404;10.0843
4;111;112;53.6404;10.0843;53.6404;10.0842
4;112;113;53.6404;10.0842;53.6404;10.0841
4;113;115;53.6404;10.0841;53.6405;10.0836
4;115;116;53.6405;10.0836;53.6405;10.0834
4;116;117;53.6405;10.0834;53.6406;10.083
4;117;118;53.6406;10.083;53.6407;10.0829
4;118;120;53.6407;10.0829;53.6408;10.0824
4;120;121;53.6408;10.0824;53.6409;10.0823
4;121;123;53.6409;10.0823;53.641;10.0819
4;123;125;53.641;10.0819;53.6412;10.0815
4;125;128;53.6412;10.0815;53.6415;10.081
4;128;129;53.6415;10.081;53.6415;10.0807
4;129;130;53.6415;10.0807;53.6415;10.0807
4;130;131;53.6415;10.0807;53.6414;10.0806
4;131;133;53.6414;10.0806;53.6412;10.0802
4;133;134;53.6412;10.0802;53.6412;10.0801
4;134;137;53.6412;10.0801;53.6411;10.0795
4;137;139;53.6411;10.0795;53.6411;10.079
4;139;145;53.6411;10.079;53.6415;10.0778
4;145;150;53.6415;10.0778;53.6421;10.0772
4;150;152;53.6421;10.0772;53.6422;10.0771
4;152;155;53.6422;10.0771;53.6424;10.0767
4;155;158;53.6424;10.0767;53.6423;10.0763
4;158;171;53.6423;10.0763;53.6416;10.0737
4;171;177;53.6416;10.0737;53.6413;10.0725
4;177;205;53.6413;10.0725;53.6398;10.067
4;205;220;53.6398;10.067;53.639;10.064
4;220;223;53.639;10.064;53.6387;10.0634
4;223;228;53.6387;10.0634;53.6383;10.0625
4;228;231;53.6383;10.0625;53.638;10.0618
4;231;254;53.638;10.0618;53.6366;10.0574
4;254;266;53.6366;10.0574;53.6357;10.0575
4;266;271;53.6357;10.0575;53.6353;10.0577
4;271;288;53.6353;10.0577;53.634;10.0581
4;288;294;53.634;10.0581;53.6339;10.0573
4;294;310;53.6339;10.0573;53.6334;10.0553
4;310;312;53.6334;10.0553;53.6334;10.055
4;312;314;53.6334;10.055;53.6334;10.0547
4;331;335;53.6334;10.0547;53.6333;10.0542
4;335;343;53.6333;10.0542;53.6331;10.0532
4;343;347;53.6331;10.0532;53.6334;10.0529
4;347;370;53.6334;10.0529;53.6349;10.0514
4;370;376;53.6349;10.0514;53.6347;10.0507
4;376;401;53.6347;10.0507;53.6332;10.046
4;401;446;53.6332;10.046;53.6303;10.0379
4;446;449;53.6303;10.0379;53.63;10.0374
4;449;452;53.63;10.0374;53.6297;10.0368
4;452;457;53.6297;10.0368;53.6292;10.036
4;457;461;53.6292;10.036;53.6288;10.0354
4;461;464;53.6288;10.0354;53.6284;10.0349
4;464;475;53.6284;10.0349;53.6273;10.0333
4;475;476;53.6273;10.0333;53.6272;10.0332
4;476;484;53.6272;10.0332;53.6264;10.032
4;484;485;53.6264;10.032;53.6263;10.0319
4;485;486;53.6263;10.0319;53.6262;10.0318
4;486;487;53.6262;10.0318;53.6261;10.0316
4;487;488;53.6261;10.0316;53.626;10.0314
4;488;489;53.626;10.0314;53.626;10.0313
4;489;490;53.626;10.0313;53.6258;10.0313
4;490;491;53.6258;10.0313;53.6257;10.0314
4;491;496;53.6257;10.0314;53.6251;10.0321
4;496;500;53.6251;10.0321;53.6245;10.0322
4;500;501;53.6245;10.0322;53.6245;10.0322
4;501;505;53.6245;10.0322;53.6239;10.0323
4;505;507;53.6239;10.0323;53.6236;10.0324
4;507;508;53.6236;10.0324;53.6235;10.0325
4;508;509;53.6235;10.0325;53.6233;10.0325
4;509;510;53.6233;10.0325;53.6231;10.0326
4;510;514;53.6231;10.0326;53.6225;10.0328
4;514;515;53.6225;10.0328;53.6223;10.0329
4;515;526;53.6223;10.0329;53.6209;10.0334
4;526;528;53.6209;10.0334;53.6206;10.0335
4;528;532;53.6206;10.0335;53.62;10.0338
4;532;536;53.62;10.0338;53.6194;10.034
4;536;537;53.6194;10.034;53.6193;10.0341
4;537;541;53.6193;10.0341;53.6187;10.0342
4;541;551;53.6187;10.0342;53.6174;10.0346
4;551;556;53.6174;10.0346;53.6167;10.0348
4;556;567;53.6167;10.0348;53.6152;10.0352
4;567;568;53.6152;10.0352;53.615;10.0353
4;568;573;53.615;10.0353;53.6144;10.0356
4;573;593;53.6144;10.0356;53.6119;10.0368
4;593;594;53.6119;10.0368;53.6116;10.0369
4;594;597;53.6116;10.0369;53.6112;10.037
4;597;606;53.6112;10.037;53.6101;10.0376
4;606;610;53.6101;10.0376;53.6095;10.038
4;610;611;53.6095;10.038;53.6094;10.0381
4;611;612;53.6094;10.0381;53.6093;10.0381
4;612;615;53.6093;10.0381;53.6089;10.0384
4;615;616;53.6089;10.0384;53.6087;10.0385
4;616;617;53.6087;10.0385;53.6087;10.0385
4;617;619;53.6087;10.0385;53.6083;10.0385
4;619;631;53.6083;10.0385;53.6081;10.0359
4;631;634;53.6081;10.0359;53.608;10.0352
4;634;636;53.608;10.0352;53.6079;10.0347
4;636;639;53.6079;10.0347;53.6077;10.0339
4;639;643;53.6077;10.0339;53.6076;10.033
4;643;644;53.6076;10.033;53.6075;10.0329
4;644;645;53.6075;10.0329;53.6075;10.0329
4;645;649;53.6075;10.0329;53.6074;10.032
4;649;652;53.6074;10.032;53.6073;10.0313
4;652;656;53.6073;10.0313;53.6071;10.0303
4;656;658;53.6071;10.0303;53.607;10.0299
4;658;667;53.607;10.0299;53.6065;10.0282
4;667;671;53.6065;10.0282;53.6062;10.0274
4;671;672;53.6062;10.0274;53.6062;10.0272
4;672;673;53.6062;10.0272;53.6061;10.0271
4;673;676;53.6061;10.0271;53.606;10.0266
4;676;681;53.606;10.0266;53.6057;10.0254
4;681;682;53.6057;10.0254;53.6055;10.0252
4;682;683;53.6055;10.0252;53.6055;10.0251
4;683;684;53.6055;10.0251;53.6052;10.0249
4;684;688;53.6052;10.0249;53.6047;10.025
4;688;691;53.6047;10.025;53.6043;10.025
4;691;695;53.6043;10.025;53.6042;10.024
4;705;709;53.6042;10.024;53.6042;10.025
4;709;710;53.6042;10.025;53.6042;10.0253
4;710;711;53.6042;10.0253;53.6043;10.0253
4;711;715;53.6043;10.0253;53.6048;10.0253
4;715;718;53.6048;10.0253;53.6052;10.0253
4;718;720;53.6052;10.0253;53.6055;10.0255
4;720;724;53.6055;10.0255;53.6057;10.0263
4;724;728;53.6057;10.0263;53.606;10.0271
4;728;729;53.606;10.0271;53.6061;10.0272
4;729;730;53.6061;10.0272;53.6062;10.0272
4;730;731;53.6062;10.0272;53.6063;10.0272
4;731;737;53.6063;10.0272;53.6071;10.0266
4;737;752;53.6071;10.0266;53.6088;10.0254
4;752;757;53.6088;10.0254;53.6095;10.0249
4;757;759;53.6095;10.0249;53.6097;10.0247
4;759;774;53.6097;10.0247;53.6114;10.023
4;774;785;53.6114;10.023;53.6126;10.0217
4;785;789;53.6126;10.0217;53.613;10.0212
4;789;795;53.613;10.0212;53.6136;10.0205
4;795;798;53.6136;10.0205;53.6139;10.02
4;798;799;53.6139;10.02;53.614;10.0199
4;799;808;53.614;10.0199;53.6149;10.0186
4;808;809;53.6149;10.0186;53.6151;10.0183
4;809;812;53.6151;10.0183;53.6154;10.0179
4;812;815;53.6154;10.0179;53.6157;10.0175
4;815;826;53.6157;10.0175;53.6169;10.016
4;826;828;53.6169;10.016;53.6172;10.0157
4;828;838;53.6172;10.0157;53.6183;10.0149
4;838;843;53.6183;10.0149;53.6189;10.0144
4;843;846;53.6189;10.0144;53.6193;10.0141
4;846;855;53.6193;10.0141;53.6204;10.0134
4;855;873;53.6204;10.0134;53.6227;10.0124
4;873;874;53.6227;10.0124;53.6228;10.0123
4;874;879;53.6228;10.0123;53.6233;10.0115
4;879;880;53.6233;10.0115;53.6235;10.0115
4;880;881;53.6235;10.0115;53.6236;10.0116
4;881;882;53.6236;10.0116;53.6239;10.0116
4;882;885;53.6239;10.0116;53.6243;10.0118
4;885;902;53.6243;10.0118;53.6264;10.0126
4;902;906;53.6264;10.0126;53.627;10.0128
4;906;908;53.627;10.0128;53.6273;10.013
4;908;909;53.6273;10.013;53.6274;10.013
4;909;911;53.6274;10.013;53.6277;10.0132
4;911;922;53.6277;10.0132;53.6291;10.0138
4;922;931;53.6291;10.0138;53.6303;10.0142
4;931;932;53.6303;10.0142;53.6305;10.0143
4;932;933;53.6305;10.0143;53.6306;10.0144
4;933;935;53.6306;10.0144;53.631;10.0146
4;935;938;53.631;10.0146;53.6315;10.0148
4;938;939;53.6315;10.0148;53.6315;10.0148
4;939;950;53.6315;10.0148;53.6329;10.0154
4;950;960;53.6329;10.0154;53.6342;10.016
4;960;961;53.6342;10.016;53.6344;10.016
4;961;962;53.6344;10.016;53.6346;10.0161
4;962;964;53.6346;10.0161;53.6348;10.0162
4;964;965;53.6348;10.0162;53.6349;10.0162
4;965;966;53.6349;10.0162;53.6351;10.0162
4;966;967;53.6351;10.0162;53.6353;10.0161
4;967;973;53.6353;10.0161;53.636;10.0156
4;973;980;53.636;10.0156;53.6369;10.0151
4;980;984;53.6369;10.0151;53.6374;10.0148
4;984;985;53.6374;10.0148;53.6376;10.0146
4;985;993;53.6376;10.0146;53.6385;10.0141
4;993;996;53.6385;10.0141;53.639;10.0138
4;996;998;53.639;10.0138;53.6393;10.0136
4;998;1003;53.6393;10.0136;53.6399;10.0132
4;1003;1007;53.6399;10.0132;53.6404;10.0129
4;1007;1008;53.6404;10.0129;53.6405;10.0128
4;1008;1009;53.6405;10.0128;53.6406;10.0128
4;1009;1011;53.6406;10.0128;53.6409;10.0126
4;1011;1012;53.6409;10.0126;53.6409;10.0126
4;1012;1016;53.6409;10.0126;53.6414;10.0126
4;1016;1019;53.6414;10.0126;53.6419;10.0127
4;1019;1021;53.6419;10.0127;53.6421;10.0128
4;1021;1024;53.6421;10.0128;53.6426;10.0128
4;1024;1026;53.6426;10.0128;53.6428;10.0129
4;1026;1028;53.6428;10.0129;53.6431;10.0129
4;1028;1029;53.6431;10.0129;53.6432;10.013
4;1029;1031;53.6432;10.013;53.6435;10.013
4;1031;1032;53.6435;10.013;53.6436;10.013
4;1032;1034;53.6436;10.013;53.6439;10.0131
4;1034;1037;53.6439;10.0131;53.6443;10.0131
4;1037;1042;53.6443;10.0131;53.6449;10.013
4;1042;1052;53.6449;10.013;53.6462;10.0125
4;1052;1058;53.6462;10.0125;53.6468;10.0119
4;1058;1064;53.6468;10.0119;53.6475;10.0113
4;1064;1065;53.6475;10.0113;53.6477;10.0112
4;1065;1068;53.6477;10.0112;53.648;10.0109
4;1068;1069;53.648;10.0109;53.6481;10.0108
4;1069;1070;53.6481;10.0108;53.6483;10.0106
4;1070;1073;53.6483;10.0106;53.6486;10.0104
4;1073;1074;53.6486;10.0104;53.6487;10.0103
4;1074;1075;53.6487;10.0103;53.6487;10.0103
4;1075;1081;53.6487;10.0103;53.6484;10.0091
4;1081;1082;53.6484;10.0091;53.6483;10.0088
4;1082;1083;53.6483;10.0088;53.6482;10.0088
4;1083;1085;53.6482;10.0088;53.6483;10.0093
4;1085;1089;53.6483;10.0093;53.6486;10.0101
4;1099;1100;53.6486;10.0101;53.6486;10.0104
4;1100;1103;53.6486;10.0104;53.6483;10.0106
4;1103;1104;53.6483;10.0106;53.6481;10.0108
4;1104;1105;53.6481;10.0108;53.648;10.0109
4;1105;1108;53.648;10.0109;53.6477;10.0112
4;1108;1109;53.6477;10.0112;53.6475;10.0113
4;1109;1115;53.6475;10.0113;53.6468;10.0119
4;1115;1121;53.6468;10.0119;53.6462;10.0125
4;1121;1131;53.6462;10.0125;53.6449;10.013
4;1131;1136;53.6449;10.013;53.6443;10.0131
4;1136;1139;53.6443;10.0131;53.6439;10.0131
4;1139;1141;53.6439;10.0131;53.6436;10.013
4;1141;1142;53.6436;10.013;53.6435;10.013
4;1142;1144;53.6435;10.013;53.6432;10.013
4;1144;1145;53.6432;10.013;53.6431;10.0129
4;1145;1147;53.6431;10.0129;53.6428;10.0129
4;1147;1149;53.6428;10.0129;53.6426;10.0128
4;1149;1152;53.6426;10.0128;53.6421;10.0128
4;1152;1154;53.6421;10.0128;53.6419;10.0127
4;1154;1157;53.6419;10.0127;53.6414;10.0126
4;1157;1161;53.6414;10.0126;53.6409;10.0126
4;1161;1162;53.6409;10.0126;53.6409;10.0126
4;1162;1164;53.6409;10.0126;53.6406;10.0128
4;1164;1165;53.6406;10.0128;53.6405;10.0128
4;1165;1166;53.6405;10.0128;53.6404;10.0129
4;1166;1170;53.6404;10.0129;53.6399;10.0132
4;1170;1173;53.6399;10.0132;53.6397;10.0126
4;1173;1176;53.6397;10.0126;53.6394;10.0119
4;1176;1179;53.6394;10.0119;53.6392;10.0113
4;1179;1181;53.6392;10.0113;53.639;10.0109
4;1181;1186;53.639;10.0109;53.6386;10.0101
4;1186;1201;53.6386;10.0101;53.6371;10.0082
4;1201;1204;53.6371;10.0082;53.6367;10.0076
4;1204;1208;53.6367;10.0076;53.6365;10.0073
4;1208;1209;53.6365;10.0073;53.6364;10.0071
4;1209;1211;53.6364;10.0071;53.6363;10.007
4;1211;1213;53.6363;10.007;53.6361;10.0068
4;1213;1215;53.6361;10.0068;53.6359;10.0067
4;1215;1216;53.6359;10.0067;53.6358;10.0066
4;1216;1217;53.6358;10.0066;53.6357;10.0066
4;1217;1218;53.6357;10.0066;53.6357;10.0066
4;1218;1220;53.6357;10.0066;53.6355;10.0066
4;1220;1223;53.6355;10.0066;53.6352;10.0066
4;1223;1225;53.6352;10.0066;53.635;10.0066
4;1225;1226;53.635;10.0066;53.6349;10.0066
4;1226;1229;53.6349;10.0066;53.6347;10.0067
4;1229;1238;53.6347;10.0067;53.634;10.0063
4;1238;1255;53.634;10.0063;53.6328;10.0065
4;1265;1269;53.6328;10.0065;53.6324;10.0065
4;1269;1293;53.6324;10.0065;53.6306;10.0067
4;1293;1296;53.6306;10.0067;53.6304;10.007
4;1296;1299;53.6304;10.007;53.6303;10.0073
4;1299;1302;53.6303;10.0073;53.6302;10.0077
4;1302;1303;53.6302;10.0077;53.6302;10.0079
4;1303;1307;53.6302;10.0079;53.6301;10.0088
4;1307;1310;53.6301;10.0088;53.6304;10.0092
4;1310;1320;53.6304;10.0092;53.6317;10.0095
4;1320;1321;53.6317;10.0095;53.6319;10.0096
4;1321;1332;53.6319;10.0096;53.6333;10.0099
4;1332;1335;53.6333;10.0099;53.6338;10.01
4;1335;1337;53.6338;10.01;53.6341;10.0099
4;1337;1338;53.6341;10.0099;53.6343;10.0098
4;1338;1343;53.6343;10.0098;53.6348;10.0092
4;1343;1344;53.6348;10.0092;53.6349;10.009
4;1344;1349;53.6349;10.009;53.635;10.0083
4;1349;1360;53.635;10.0083;53.6348;10.0069
4;1360;1362;53.6348;10.0069;53.6349;10.0066
4;1362;1363;53.6349;10.0066;53.635;10.0066
4;1363;1365;53.635;10.0066;53.6352;10.0066
4;1365;1368;53.6352;10.0066;53.6355;10.0066
4;1368;1369;53.6355;10.0066;53.6355;10.0068
4;1369;1371;53.6355;10.0068;53.6357;10.0066
4;1371;1372;53.6357;10.0066;53.6358;10.0066
4;1372;1373;53.6358;10.0066;53.6359;10.0067
4;1373;1375;53.6359;10.0067;53.6361;10.0068
4;1375;1377;53.6361;10.0068;53.6363;10.007
4;1377;1379;53.6363;10.007;53.6364;10.0071
4;1379;1380;53.6364;10.0071;53.6365;10.0073
4;1380;1384;53.6365;10.0073;53.6367;10.0076
4;1384;1387;53.6367;10.0076;53.6371;10.0082
4;1387;1402;53.6371;10.0082;53.6386;10.0101
4;1402;1407;53.6386;10.0101;53.639;10.0109
4;1407;1409;53.639;10.0109;53.6392;10.0113
4;1409;1412;53.6392;10.0113;53.6394;10.0119
4;1412;1415;53.6394;10.0119;53.6397;10.0126
4;1415;1418;53.6397;10.0126;53.6399;10.0132
4;1418;1422;53.6399;10.0132;53.6404;10.0129
4;1422;1423;53.6404;10.0129;53.6405;10.0128
4;1423;1424;53.6405;10.0128;53.6406;10.0128
4;1424;1426;53.6406;10.0128;53.6409;10.0126
4;1426;1427;53.6409;10.0126;53.6409;10.0126
4;1427;1431;53.6409;10.0126;53.6414;10.0126
4;1431;1434;53.6414;10.0126;53.6419;10.0127
4;1434;1436;53.6419;10.0127;53.6421;10.0128
4;1436;1439;53.6421;10.0128;53.6426;10.0128
4;1439;1441;53.6426;10.0128;53.6428;10.0129
4;1451;1451;53.6428;10.0129;53.6428;10.0129
4;1461;1463;53.6428;10.0129;53.6426;10.0128
4;1463;1466;53.6426;10.0128;53.6421;10.0128
4;1466;1468;53.6421;10.0128;53.6419;10.0127
4;1468;1471;53.6419;10.0127;53.6414;10.0126
4;1471;1475;53.6414;10.0126;53.6409;10.0126
4;1475;1476;53.6409;10.0126;53.6409;10.0126
4;1476;1478;53.6409;10.0126;53.6406;10.0128
4;1478;1479;53.6406;10.0128;53.6405;10.0128
4;1479;1480;53.6405;10.0128;53.6404;10.0129
4;1480;1484;53.6404;10.0129;53.6399;10.0132
4;1484;1487;53.6399;10.0132;53.6397;10.0126
4;1487;1490;53.6397;10.0126;53.6394;10.0119
4;1490;1493;53.6394;10.0119;53.6392;10.0113
4;1493;1495;53.6392;10.0113;53.639;10.0109
4;1495;1500;53.639;10.0109;53.6386;10.0101
4;1500;1515;53.6386;10.0101;53.6371;10.0082
4;1515;1518;53.6371;10.0082;53.6367;10.0076
4;1518;1522;53.6367;10.0076;53.6365;10.0073
4;1522;1523;53.6365;10.0073;53.6364;10.0071
4;1523;1525;53.6364;10.0071;53.6363;10.007
4;1525;1527;53.6363;10.007;53.6361;10.0068
4;1527;1529;53.6361;10.0068;53.6359;10.0067
4;1529;1530;53.6359;10.0067;53.6358;10.0066
4;1530;1531;53.6358;10.0066;53.6357;10.0066
4;1531;1532;53.6357;10.0066;53.6357;10.0066
4;1532;1534;53.6357;10.0066;53.6355;10.0066
4;1534;1537;53.6355;10.0066;53.6352;10.0066
4;1537;1544;53.6352;10.0066;53.6347;10.0063
4;1544;1558;53.6347;10.0063;53.6336;10.0061
4;1558;1559;53.6336;10.0061;53.6335;10.0062
4;1559;1565;53.6335;10.0062;53.633;10.0063
4;1565;1598;53.633;10.0063;53.6305;10.0066
4;1608;1610;53.6305;10.0066;53.6304;10.0068
4;1610;1611;53.6304;10.0068;53.6303;10.0069
4;1611;1623;53.6303;10.0069;53.6299;10.008
4;1623;1633;53.6299;10.008;53.6292;10.0084
4;1633;1641;53.6292;10.0084;53.6287;10.0083
4;1641;1658;53.6287;10.0083;53.6276;10.0082
4;1658;1659;53.6276;10.0082;53.6275;10.0082
4;1659;1662;53.6275;10.0082;53.6273;10.0082
4;1662;1687;53.6273;10.0082;53.6255;10.0089
4;1687;1692;53.6255;10.0089;53.6251;10.0092
4;1692;1696;53.6251;10.0092;53.6246;10.0096
4;1696;1700;53.6246;10.0096;53.6241;10.01
4;1700;1704;53.6241;10.01;53.6236;10.0095
4;1704;1715;53.6236;10.0095;53.623;10.007
4;1715;1723;53.623;10.007;53.6227;10.0051
4;1723;1744;53.6227;10.0051;53.6215;10.0005
4;1744;1745;53.6215;10.0005;53.6215;10.0005
4;1745;1753;53.6215;10.0005;53.621;9.99898
4;1753;1756;53.621;9.99898;53.6208;9.99834
4;1756;1758;53.6208;9.99834;53.6207;9.99786
4;1758;1759;53.6207;9.99786;53.6207;9.99773
4;1759;1760;53.6207;9.99773;53.6206;9.99746
4;1760;1764;53.6206;9.99746;53.6203;9.99671
4;1764;1765;53.6203;9.99671;53.6203;9.99643
4;1765;1770;53.6203;9.99643;53.6199;9.99539
4;1770;1771;53.6199;9.99539;53.6199;9.9952
4;1771;1780;53.6199;9.9952;53.6192;9.99343
4;1780;1782;53.6192;9.99343;53.619;9.99307
4;1782;1785;53.619;9.99307;53.6187;9.99247
4;1785;1788;53.6187;9.99247;53.6184;9.9919
4;1788;1803;53.6184;9.9919;53.6172;9.98898